Date,Open,High,Low,Close,Volume,AdjustedClose,Dividend,SplitCoefficient,DailyReturnPercent
2020-01-01,150.56,150.61,150.01,150.14,7878334,151.2,0.0,1.0,0.09
2020-01-02,149.83,149.89,149.39,149.64,2780798,150.01,0.0,1.0,-0.33
2020-01-03,149.32,150.22,148.76,150.03,11714555,151.22,0.0,1.0,0.26
2020-01-04,151.86,152.53,151.67,151.75,24082477,152.38,0.0,1.0,1.15
2020-01-05,151.89,153.84,151.13,152.63,43187302,153.35,0.0,1.0,0.58
2020-01-06,153.45,153.54,152.99,153.15,6354748,155.33,0.0,1.0,0.34
2020-01-07,152.96,154.63,152.63,153.34,45974694,151.91,0.0,1.0,0.12
2020-01-08,153.78,154.12,152.32,152.61,26464823,151.21,0.0,1.0,-0.48
2020-01-09,151.49,152.14,149.95,150.07,3154210,151.9,0.0,1.0,-1.66
2020-01-10,151.72,152.85,150.28,150.83,34502842,150.2,0.0,1.0,0.51
2020-01-11,149.89,150.38,148.77,149.19,40230901,148.76,0.0,1.0,-1.09
2020-01-12,151.18,151.46,150.19,151.15,8358428,149.05,0.0,1.0,1.31
2020-01-13,151.54,152.31,150.35,151.27,17872115,154.12,0.0,1.0,0.08
2020-01-14,152.15,153.51,151.08,151.73,44014218,150.76,0.0,1.0,0.3
2020-01-15,149.74,151.18,148.3,151.1,12989124,151.15,0.0,1.0,-0.42
2020-01-16,152.47,153.49,152.07,152.6,11841372,152.84,0.0,1.0,0.99
2020-01-17,150.6,151.25,150.56,151.2,21636923,149.62,0.0,1.0,-0.92
2020-01-18,149.52,150.98,147.89,150.91,36749305,152.51,0.0,1.0,-0.19
2020-01-19,151.11,151.64,149.37,150.33,15213536,152.91,0.0,1.0,-0.38
2020-01-20,151.18,151.98,149.84,150.64,35733926,150.35,0.0,1.0,0.21
2020-01-21,148.72,149.83,147.54,147.56,48502401,148.33,0.0,1.0,-2.04
2020-01-22,149.0,149.14,148.52,148.93,15377188,149.16,0.0,1.0,0.93
2020-01-23,149.23,149.72,148.28,148.87,7330097,146.47,0.0,1.0,-0.04
2020-01-24,148.74,150.2,147.39,150.16,7604711,147.52,0.0,1.0,0.87
2020-01-25,148.6,148.98,147.53,147.73,13313673,146.42,0.0,1.0,-1.62
2020-01-26,147.5,149.22,146.4,146.54,37278242,148.51,0.0,1.0,-0.81
2020-01-27,147.93,148.26,146.96,147.24,27913358,149.61,0.0,3.0,0.48
2020-01-28,146.3,147.87,145.39,146.44,38296980,147.39,0.0,1.0,-0.54
2020-01-29,145.31,145.43,143.84,143.94,22045662,141.39,0.0,1.0,-1.71
2020-01-30,145.35,145.66,143.43,143.61,13470502,141.13,0.0,1.0,-0.23
2020-01-31,143.23,145.11,142.09,143.84,3667017,144.53,0.0,1.0,0.16
2020-02-01,143.93,145.8,143.52,145.15,17017943,143.79,0.0,1.0,0.91
2020-02-02,144.98,146.84,143.11,143.14,42685291,145.99,0.0,1.0,-1.38
2020-02-03,141.99,142.52,140.12,142.23,17393649,141.49,0.0,1.0,-0.64
2020-02-04,143.04,144.26,141.07,143.16,1524999,144.12,0.0,1.0,0.65
2020-02-05,141.57,143.33,141.04,143.08,38126210,141.11,0.0,1.0,-0.06
2020-02-06,142.45,143.82,140.74,142.3,17852461,144.61,0.0,1.0,-0.55
2020-02-07,141.99,142.54,141.98,142.41,43755954,145.14,0.0,1.0,0.08
2020-02-08,143.23,144.35,143.01,144.28,47373541,146.61,0.0,1.0,1.31
2020-02-09,144.61,144.91,144.36,144.53,3677299,146.84,0.0,1.0,0.17
2020-02-10,142.94,144.5,141.17,142.52,42651888,143.94,0.0,1.0,-1.39
2020-02-11,141.17,142.77,140.82,141.62,13036690,142.96,0.0,1.0,-0.63
2020-02-12,142.83,144.56,141.21,142.1,48061982,139.87,0.0,1.0,0.34
2020-02-13,140.99,142.62,140.07,140.85,16273674,139.29,0.0,1.0,-0.88
2020-02-14,139.96,140.1,138.41,139.0,35185636,138.44,0.0,1.0,-1.31
2020-02-15,140.76,140.99,138.82,139.21,18815146,136.64,0.0,1.0,0.15
2020-02-16,140.36,141.23,138.39,138.72,39694168,137.0,0.0,1.0,-0.35
2020-02-17,138.8,140.41,137.43,140.23,46005117,138.53,0.0,1.0,1.09
2020-02-18,141.91,143.16,140.58,140.9,21154286,140.94,0.0,1.0,0.48
2020-02-19,141.69,142.8,141.31,142.3,26444008,143.31,0.0,1.0,0.99
2020-02-20,141.5,142.6,141.5,141.82,29849305,143.44,0.0,1.0,-0.34
2020-02-21,141.59,142.94,140.57,142.45,12387796,143.36,0.0,1.0,0.44
2020-02-22,142.93,143.12,141.03,141.52,21831897,139.96,0.0,1.0,-0.65
2020-02-23,140.5,141.45,138.8,138.99,28812665,141.14,0.0,1.0,-1.79
2020-02-24,138.53,139.33,138.23,138.99,8152952,140.54,0.0,1.0,0.0
2020-02-25,139.77,140.7,138.66,140.53,9144237,140.29,0.0,1.0,1.11
2020-02-26,142.48,143.67,140.58,143.33,42114401,145.14,0.0,1.0,1.99
2020-02-27,144.96,145.85,144.64,145.68,31203670,144.28,0.0,1.0,1.64
2020-02-28,146.74,147.78,145.49,146.12,6199819,147.37,0.0,1.0,0.3
2020-02-29,147.69,147.85,147.39,147.57,11254587,148.79,0.0,1.0,0.99
2020-03-01,147.74,148.57,147.33,147.85,40196905,150.49,1.77,1.0,0.19
2020-03-02,147.76,149.65,147.16,148.13,29120042,148.36,0.0,1.0,0.19
2020-03-03,149.72,150.7,149.17,149.91,27095765,148.93,0.0,1.0,1.2
2020-03-04,148.57,149.5,148.31,149.05,2809687,151.48,0.0,1.0,-0.57
2020-03-05,147.39,148.25,145.66,146.13,18458794,145.42,0.0,1.0,-1.96
2020-03-06,147.17,147.93,145.67,147.55,17929655,149.53,0.0,1.0,0.97
2020-03-07,145.76,147.66,145.31,145.47,44738514,142.79,0.0,1.0,-1.41
2020-03-08,146.83,148.07,146.35,147.16,8676545,147.54,0.0,1.0,1.16
2020-03-09,148.23,148.57,147.02,148.18,8686170,149.83,0.0,1.0,0.69
2020-03-10,148.49,150.35,147.34,150.07,26186423,149.45,0.0,1.0,1.28
2020-03-11,150.83,152.08,150.63,151.75,46919846,152.36,0.0,1.0,1.12
2020-03-12,152.88,153.57,152.02,152.59,34954453,153.49,0.9,1.0,0.55
2020-03-13,152.32,153.04,150.54,151.69,11267062,151.3,0.0,1.0,-0.59
2020-03-14,150.77,152.39,149.69,151.0,30230909,152.97,0.0,1.0,-0.45
2020-03-15,149.98,151.85,149.42,150.52,32186057,150.94,0.0,1.0,-0.32
2020-03-16,150.5,151.15,149.52,150.1,18337736,149.14,0.0,1.0,-0.28
2020-03-17,149.21,149.23,147.31,147.47,49323392,146.92,0.0,1.0,-1.75
2020-03-18,147.37,148.79,146.47,146.51,20745815,144.88,0.0,1.0,-0.65
2020-03-19,146.84,147.79,145.78,146.64,37935945,145.65,0.0,1.0,0.09
2020-03-20,145.65,145.89,145.26,145.34,36961221,147.96,0.0,1.0,-0.89
2020-03-21,146.29,146.84,145.11,146.43,41049948,145.16,0.0,1.0,0.75
2020-03-22,145.34,145.7,145.31,145.52,19408721,142.87,0.0,1.0,-0.62
2020-03-23,147.3,148.58,145.79,146.08,1823117,146.51,0.0,1.0,0.38
2020-03-24,144.82,144.92,142.94,143.89,5385123,143.32,0.0,1.0,-1.5
2020-03-25,142.1,142.4,140.97,141.4,17655813,139.24,0.0,1.0,-1.73
2020-03-26,142.56,143.01,141.51,142.19,30710503,141.04,0.0,1.0,0.56
2020-03-27,142.46,142.58,140.54,140.74,14944410,141.45,0.0,1.0,-1.02
2020-03-28,139.7,140.8,139.39,139.97,47262913,140.5,0.0,1.0,-0.55
2020-03-29,140.8,142.21,139.89,141.48,18753960,143.11,0.0,1.0,1.08
2020-03-30,143.21,144.06,142.12,143.38,18826293,145.25,0.0,1.0,1.34
2020-03-31,142.61,144.11,141.47,142.23,9345232,142.05,0.0,1.0,-0.8
2020-04-01,141.32,142.4,140.44,141.61,29992952,142.94,0.0,1.0,-0.44
2020-04-02,140.53,141.88,138.81,140.61,2392203,143.42,0.0,1.0,-0.71
2020-04-03,138.77,140.28,137.83,139.43,19666771,137.65,0.0,1.0,-0.84
2020-04-04,139.4,139.58,138.7,138.99,45971898,136.79,0.0,1.0,-0.32
2020-04-05,138.97,140.3,138.17,139.79,3462702,139.54,0.0,1.0,0.58
2020-04-06,141.67,142.48,140.64,142.46,45134841,144.56,0.0,1.0,1.91
2020-04-07,142.53,143.78,141.53,142.52,4463607,140.83,0.0,1.0,0.04
2020-04-08,142.27,143.67,142.03,143.63,41860685,145.35,0.0,1.0,0.78
2020-04-09,141.68,142.5,141.23,142.3,8614246,142.08,0.0,1.0,-0.93
2020-04-10,142.29,143.72,141.27,141.94,33379998,144.67,0.0,1.0,-0.25
2020-04-11,141.47,143.31,140.45,142.96,5684875,141.68,0.0,1.0,0.72
2020-04-12,144.7,145.72,143.06,143.81,21035743,145.75,0.0,1.0,0.59
2020-04-13,145.27,146.16,144.3,144.92,37468974,144.21,0.0,1.0,0.77
2020-04-14,146.84,147.32,146.07,147.14,28566650,144.45,0.0,1.0,1.53
2020-04-15,148.39,149.16,147.06,148.78,11207615,148.75,0.0,1.0,1.11
2020-04-16,149.14,150.88,147.39,148.93,36295979,151.38,0.37,1.0,0.1
2020-04-17,150.81,150.96,149.25,149.7,42826230,150.85,0.0,1.0,0.52
2020-04-18,151.11,152.83,150.35,151.14,49232309,153.48,0.0,1.0,0.96
2020-04-19,151.61,152.08,150.24,150.77,16266345,152.26,0.0,1.0,-0.24
2020-04-20,151.3,153.05,150.41,152.24,2942617,149.48,0.0,1.0,0.97
2020-04-21,151.74,152.03,150.68,151.44,13083413,149.44,0.0,1.0,-0.53
2020-04-22,151.92,152.4,150.09,150.42,31947246,151.25,0.0,1.0,-0.67
2020-04-23,152.02,152.95,151.44,152.27,5956788,151.92,0.0,1.0,1.23
2020-04-24,152.83,153.68,152.33,153.47,14369226,156.54,0.0,1.0,0.79
2020-04-25,153.0,153.72,152.41,153.33,2472341,156.26,0.0,1.0,-0.09
2020-04-26,153.59,154.96,152.1,152.24,41695250,153.73,0.0,1.0,-0.71
2020-04-27,153.34,153.8,151.74,152.19,13759541,152.93,0.0,1.0,-0.03
2020-04-28,152.83,154.51,151.57,154.23,44375184,151.39,0.0,1.0,1.34
2020-04-29,153.69,153.95,151.87,152.55,28883940,150.57,0.0,1.0,-1.09
2020-04-30,154.44,155.5,152.61,155.01,18244970,157.58,0.0,1.0,1.61
2020-05-01,154.19,155.93,152.58,154.15,6053254,151.93,0.0,1.0,-0.55
2020-05-02,155.05,157.01,153.12,156.25,25546748,153.69,0.0,1.0,1.36
2020-05-03,154.74,155.48,153.24,153.83,26570188,155.81,0.0,1.0,-1.55
2020-05-04,152.77,152.82,151.0,152.02,41941923,150.33,0.0,1.0,-1.18
2020-05-05,153.66,154.26,152.84,153.04,3497263,151.84,0.0,1.0,0.67
2020-05-06,154.59,154.86,153.68,154.47,47740249,157.23,0.0,1.0,0.93
2020-05-07,153.09,153.92,152.89,153.39,28388193,156.08,0.0,1.0,-0.7
2020-05-08,152.26,153.15,151.79,152.28,47015223,151.47,0.0,1.0,-0.72
2020-05-09,150.52,151.07,148.58,150.94,31515566,148.47,0.0,1.0,-0.88
2020-05-10,152.82,152.92,152.15,152.91,38888186,151.11,0.0,1.0,1.31
2020-05-11,153.26,154.89,152.79,154.42,40995650,151.35,0.0,1.0,0.99
2020-05-12,152.94,153.44,152.59,153.15,2730076,150.89,0.0,1.0,-0.82
2020-05-13,153.51,153.54,152.98,153.05,29250184,153.21,0.0,1.0,-0.07
2020-05-14,154.16,155.19,153.94,154.57,42279121,151.75,0.0,1.0,0.99
2020-05-15,154.66,155.58,152.73,152.9,33143931,155.02,0.0,1.0,-1.08
2020-05-16,153.75,154.64,151.95,152.82,10954514,150.17,0.0,1.0,-0.05
2020-05-17,153.01,153.66,151.02,152.42,31448326,152.45,0.0,1.0,-0.26
2020-05-18,150.88,152.19,149.12,150.81,15429953,150.39,0.0,1.0,-1.06
2020-05-19,152.12,152.92,150.66,151.37,21973101,152.37,0.0,1.0,0.37
2020-05-20,153.06,153.19,151.4,151.57,7480329,153.05,0.0,1.0,0.13
2020-05-21,149.81,151.72,148.69,150.72,28568900,149.84,0.0,1.0,-0.56
2020-05-22,152.19,153.63,150.25,152.28,24598576,149.87,0.0,1.0,1.04
2020-05-23,152.21,153.9,151.51,152.84,8709822,154.45,0.0,1.0,0.37
2020-05-24,154.22,156.17,152.58,154.78,44130810,155.13,0.0,1.0,1.27
2020-05-25,155.55,155.61,155.0,155.47,23805246,154.54,0.0,1.0,0.45
2020-05-26,156.1,156.24,154.62,156.19,7157753,157.73,0.0,1.0,0.46
2020-05-27,155.55,156.29,154.11,155.8,39090558,156.4,0.0,1.0,-0.25
2020-05-28,156.82,156.92,156.66,156.78,29455149,156.69,0.0,1.0,0.63
2020-05-29,157.8,158.03,156.94,157.25,46532441,157.84,0.0,1.0,0.3
2020-05-30,156.13,158.1,156.02,156.45,15175672,158.12,0.0,1.0,-0.51
2020-05-31,154.93,155.92,154.07,154.31,36740996,155.57,0.0,1.0,-1.37
2020-06-01,155.53,155.67,153.81,153.89,2257723,153.64,0.0,1.0,-0.27
2020-06-02,153.61,154.42,152.33,152.94,28181258,150.01,0.0,1.0,-0.62
2020-06-03,153.41,155.07,151.57,151.88,8104354,150.32,0.0,1.0,-0.69
2020-06-04,151.46,152.08,150.78,151.21,12283195,148.65,0.0,1.0,-0.44
2020-06-05,149.99,151.54,149.29,151.45,44314944,153.36,0.0,1.0,0.16
2020-06-06,150.24,151.44,148.72,150.5,12888075,153.22,0.0,1.0,-0.63
2020-06-07,150.75,151.91,149.39,151.61,44150451,152.43,0.0,1.0,0.74
2020-06-08,152.12,152.42,151.98,152.17,21321935,153.97,0.0,1.0,0.37
2020-06-09,150.47,151.39,150.39,150.76,20265413,148.21,0.0,1.0,-0.93
2020-06-10,151.22,152.23,150.29,151.37,3752987,151.07,0.0,1.0,0.4
2020-06-11,150.66,151.61,150.36,150.44,7945893,152.31,0.0,1.0,-0.61
2020-06-12,148.78,150.07,148.7,149.67,30489097,149.81,0.0,1.0,-0.51
2020-06-13,151.34,152.11,149.79,151.37,4514190,153.12,0.0,1.0,1.14
2020-06-14,149.75,151.11,149.18,150.58,45061269,153.38,0.0,1.0,-0.52
2020-06-15,148.91,150.24,147.08,148.06,45027086,149.24,0.0,1.0,-1.67
2020-06-16,149.81,150.43,149.06,150.14,9576094,151.16,0.0,1.0,1.4
2020-06-17,150.88,151.93,149.59,150.58,25281872,147.68,0.0,1.0,0.29
2020-06-18,149.95,151.48,149.57,151.48,11398194,148.92,0.0,1.0,0.6
2020-06-19,152.56,154.23,150.79,150.92,23599874,153.19,0.0,1.0,-0.37
2020-06-20,149.54,149.9,148.15,149.24,12109145,150.56,0.0,1.0,-1.11
2020-06-21,150.12,152.06,148.9,151.28,31127045,149.67,0.0,1.0,1.37
2020-06-22,152.42,154.23,152.03,153.52,39280197,156.49,0.0,1.0,1.48
2020-06-23,153.05,154.1,151.12,153.55,41578277,151.33,0.0,1.0,0.02
2020-06-24,155.05,156.16,154.84,155.96,9366983,154.62,0.0,1.0,1.57
2020-06-25,157.58,157.87,156.71,157.81,15900718,159.81,0.0,1.0,1.19
2020-06-26,157.47,158.26,156.72,157.31,6476448,156.52,1.87,1.0,-0.32
2020-06-27,157.91,159.49,157.63,158.16,32705913,159.4,0.0,1.0,0.54
2020-06-28,157.95,157.96,157.79,157.83,11034091,158.14,0.0,1.0,-0.21
2020-06-29,156.27,156.85,155.67,155.73,29174015,156.6,0.0,1.0,-1.33
2020-06-30,157.08,158.08,156.01,157.32,39590781,155.7,0.0,1.0,1.02
2020-07-01,157.78,158.26,156.95,157.82,6745455,157.97,0.0,1.0,0.32
2020-07-02,158.0,159.57,156.98,157.03,32550231,154.16,0.0,1.0,-0.5
2020-07-03,158.02,158.73,157.88,158.08,45097529,158.89,0.0,1.0,0.67
2020-07-04,157.41,157.5,156.32,157.28,12750032,159.36,0.0,1.0,-0.51
2020-07-05,157.19,157.55,156.92,157.37,31714356,154.46,0.0,1.0,0.06
2020-07-06,158.91,159.54,158.29,158.79,37442173,158.62,0.0,1.0,0.9
2020-07-07,157.93,159.65,157.83,159.02,19335256,156.63,0.0,1.0,0.14
2020-07-08,159.99,161.78,159.22,161.71,34299634,162.95,0.0,1.0,1.69
2020-07-09,160.78,160.95,159.93,160.37,13110229,160.66,0.0,1.0,-0.83
2020-07-10,161.01,161.62,159.8,160.58,47289332,160.22,0.0,1.0,0.13
2020-07-11,162.23,163.46,161.36,162.7,4849234,159.93,0.0,1.0,1.32
2020-07-12,163.9,165.26,161.99,162.46,41773527,163.62,0.0,1.0,-0.15
2020-07-13,161.4,162.69,160.68,162.59,3173342,163.27,0.0,1.0,0.08
2020-07-14,162.08,163.61,160.93,162.35,27711612,161.14,0.0,1.0,-0.15
2020-07-15,160.45,160.82,159.41,160.7,8902806,159.17,0.0,1.0,-1.02
2020-07-16,162.69,163.26,160.86,162.04,9230058,159.68,0.0,1.0,0.83
2020-07-17,162.89,164.88,161.27,164.76,22447172,165.87,0.0,1.0,1.68
2020-07-18,163.92,164.52,163.6,164.25,47990918,165.15,0.0,1.0,-0.31
2020-07-19,162.74,163.14,162.46,163.0,2763891,162.09,0.0,1.0,-0.76
2020-07-20,164.93,165.19,163.16,163.29,27720063,166.55,0.0,1.0,0.18
2020-07-21,164.37,166.02,164.22,165.97,44106613,163.14,0.0,1.0,1.64
2020-07-22,164.48,166.14,163.38,165.0,9659255,164.56,0.0,1.0,-0.58
2020-07-23,163.5,163.81,163.17,163.38,48602473,161.59,0.0,1.0,-0.98
2020-07-24,162.52,162.68,162.13,162.66,19418097,160.22,0.0,1.0,-0.44
2020-07-25,162.67,163.01,160.79,161.13,45206814,161.93,0.0,1.0,-0.94
2020-07-26,162.83,162.91,161.1,161.25,44047231,163.0,0.0,1.0,0.07
2020-07-27,161.54,162.78,161.48,162.64,37613085,161.27,0.0,1.0,0.86
2020-07-28,163.86,165.23,163.27,163.41,5020695,161.18,0.0,1.0,0.47
2020-07-29,162.77,163.06,161.05,161.69,24177425,164.76,0.0,1.0,-1.05
2020-07-30,161.94,162.58,161.01,161.43,17637554,159.11,0.0,1.0,-0.16
2020-07-31,162.89,163.73,160.96,163.46,22973845,166.3,0.0,1.0,1.26
2020-08-01,162.1,164.09,161.17,163.74,34377954,160.62,0.0,1.0,0.17
2020-08-02,165.61,166.04,164.9,164.96,34211787,165.6,0.0,1.0,0.75
2020-08-03,164.1,164.12,163.89,163.92,18748475,165.41,0.0,1.0,-0.63
2020-08-04,163.52,164.66,163.13,163.98,5934632,163.23,0.0,1.0,0.04
2020-08-05,165.28,166.53,164.06,164.38,7488184,163.68,0.0,1.0,0.24
2020-08-06,166.14,167.65,165.74,166.71,34559660,163.64,0.0,1.0,1.42
2020-08-07,167.93,168.97,167.63,168.83,10380543,167.67,0.0,1.0,1.27
2020-08-08,170.79,172.27,170.19,170.89,35206334,171.11,0.0,1.0,1.22
2020-08-09,172.15,172.89,170.8,172.85,40171587,171.52,0.0,1.0,1.15
2020-08-10,173.37,174.56,172.84,173.97,39820755,174.51,0.0,1.0,0.65
2020-08-11,172.65,173.91,171.41,173.51,10917059,175.74,0.0,1.0,-0.26
2020-08-12,174.31,174.69,173.43,173.96,28713283,175.29,0.0,1.0,0.26
2020-08-13,175.64,177.39,174.17,174.37,10266558,174.5,0.0,1.0,0.24
2020-08-14,174.28,175.03,172.37,173.59,36777551,172.5,0.0,1.0,-0.45
2020-08-15,174.47,175.76,173.08,174.72,13902629,177.92,0.0,1.0,0.65
2020-08-16,176.49,178.45,174.95,177.42,47321216,178.87,0.0,1.0,1.55
2020-08-17,179.15,180.74,178.6,178.86,46407350,179.17,0.0,1.0,0.81
2020-08-18,178.24,179.79,177.95,178.03,48925210,175.03,0.0,1.0,-0.46
2020-08-19,179.02,179.45,177.36,177.93,38716390,179.33,0.0,1.0,-0.06
2020-08-20,178.28,178.76,176.94,177.91,43811735,176.01,0.0,1.0,-0.01
2020-08-21,177.8,179.16,177.53,179.1,11599246,178.43,0.0,1.0,0.67
2020-08-22,179.01,179.41,177.08,177.83,44345475,174.69,0.0,1.0,-0.71
2020-08-23,176.76,178.24,175.06,175.18,12748398,174.6,0.0,1.0,-1.49
2020-08-24,173.33,175.0,171.75,172.36,20425799,174.96,1.18,1.0,-1.61
2020-08-25,174.29,174.86,172.31,173.7,34145901,176.4,0.0,1.0,0.78
2020-08-26,172.79,174.41,172.13,173.8,44505692,172.11,0.0,1.0,0.06
2020-08-27,174.96,176.1,173.45,173.92,43864162,176.68,0.0,1.0,0.07
2020-08-28,172.27,173.61,171.9,172.14,22716540,175.14,0.83,1.0,-1.02
2020-08-29,171.21,171.87,170.05,171.09,18552534,172.14,0.0,1.0,-0.61
2020-08-30,169.56,170.17,168.75,169.46,48214913,171.29,0.0,1.0,-0.95
2020-08-31,171.22,171.96,170.78,171.91,33090244,169.53,0.0,1.0,1.45
2020-09-01,171.57,172.67,170.63,171.73,45566623,173.97,0.0,1.0,-0.1
2020-09-02,172.11,173.68,171.06,172.44,25278971,169.53,0.0,1.0,0.41
2020-09-03,172.63,173.64,171.48,171.8,23019601,174.24,0.0,1.0,-0.37
2020-09-04,172.67,173.65,170.87,172.11,4733655,171.79,0.0,1.0,0.18
2020-09-05,170.34,171.26,168.73,170.56,27571668,168.88,0.51,1.0,-0.9
2020-09-06,170.25,171.65,169.17,169.32,5631796,172.61,0.0,1.0,-0.73
2020-09-07,168.04,168.31,166.76,167.89,29210012,167.05,0.0,1.0,-0.84
2020-09-08,169.56,170.31,169.4,170.28,37191828,167.78,0.0,1.0,1.42
2020-09-09,172.25,173.04,172.0,173.02,1233088,174.79,0.0,1.0,1.61
2020-09-10,173.9,174.75,173.14,173.51,31912039,172.44,0.0,1.0,0.28
2020-09-11,174.41,174.64,172.79,173.57,2049971,171.77,0.0,1.0,0.03
2020-09-12,173.36,174.7,171.62,172.37,3968676,171.7,0.0,1.0,-0.69
2020-09-13,173.82,173.93,172.81,173.13,39662110,171.88,0.0,1.0,0.44
2020-09-14,172.41,173.01,172.12,172.71,15833927,172.11,0.0,1.0,-0.24
2020-09-15,173.08,174.55,172.73,173.97,38302506,173.94,0.0,1.0,0.73
2020-09-16,174.66,176.23,174.02,174.94,11013824,173.54,0.0,1.0,0.56
2020-09-17,173.9,174.35,172.18,172.49,32073092,175.35,0.0,1.0,-1.4
2020-09-18,172.72,172.99,172.23,172.38,44399695,169.48,0.0,1.0,-0.06
2020-09-19,172.52,174.18,172.42,173.08,41598812,173.79,0.0,1.0,0.41
2020-09-20,174.13,175.58,173.01,174.24,23344856,172.87,0.0,1.0,0.67
2020-09-21,173.0,174.48,171.51,173.75,17280152,175.11,0.0,1.0,-0.28
2020-09-22,172.71,173.35,172.14,172.7,44534952,171.73,0.0,1.0,-0.6
2020-09-23,172.69,172.89,170.73,171.74,22490491,174.59,0.0,1.0,-0.56
2020-09-24,171.99,172.43,171.7,171.89,40193717,172.43,0.0,1.0,0.09
2020-09-25,171.21,171.97,169.54,170.75,44929996,173.78,0.0,1.0,-0.66
2020-09-26,170.7,172.15,169.22,170.57,24634142,168.31,0.0,1.0,-0.11
2020-09-27,172.24,173.32,170.96,171.1,3269873,173.42,0.0,1.0,0.31
2020-09-28,169.29,169.3,169.02,169.2,5561251,170.6,1.06,1.0,-1.11
2020-09-29,169.67,171.0,168.44,169.68,33739353,166.39,0.0,1.0,0.28
2020-09-30,167.75,169.19,166.68,167.4,34703147,169.5,0.0,1.0,-1.34
2020-10-01,169.04,169.25,168.85,168.91,13880342,169.72,0.0,1.0,0.9
2020-10-02,170.09,170.25,168.17,169.12,17321405,172.44,0.0,1.0,0.12
2020-10-03,170.51,171.82,168.79,171.09,7274712,170.44,0.0,1.0,1.16
2020-10-04,171.64,173.05,171.47,172.81,44278992,174.78,0.0,1.0,1.01
2020-10-05,171.19,172.25,171.1,171.34,47458641,174.0,0.0,1.0,-0.85
2020-10-06,169.64,171.49,167.84,169.9,3208001,167.72,0.0,1.0,-0.84
2020-10-07,168.73,169.02,167.09,168.67,6163187,167.32,0.0,1.0,-0.72
2020-10-08,170.07,171.42,168.99,169.92,10391925,171.89,0.0,1.0,0.74
2020-10-09,170.9,171.59,170.7,170.91,6101498,169.82,0.0,1.0,0.58
2020-10-10,170.5,172.05,170.44,170.88,31235911,170.82,0.0,1.0,-0.02
2020-10-11,170.61,171.97,169.29,169.52,42514609,168.13,0.0,1.0,-0.8
2020-10-12,168.59,169.35,167.02,167.38,27147088,166.15,0.0,3.0,-1.26
2020-10-13,167.16,168.68,166.96,167.11,29922545,166.77,0.0,1.0,-0.16
2020-10-14,165.22,165.93,165.03,165.57,22772150,167.98,0.89,1.0,-0.92
2020-10-15,166.47,167.59,164.48,165.23,35970733,163.05,0.0,1.0,-0.21
2020-10-16,164.43,165.42,164.3,164.79,29259699,163.47,0.0,1.0,-0.27
2020-10-17,166.57,168.01,165.58,167.08,31726574,164.45,0.0,1.0,1.39
2020-10-18,166.41,167.65,164.8,165.74,23463767,165.28,0.0,1.0,-0.8
2020-10-19,166.12,166.72,164.91,166.17,33145799,164.93,0.0,1.0,0.26
2020-10-20,165.34,166.73,164.36,165.72,17268819,164.57,0.0,1.0,-0.27
2020-10-21,165.18,167.04,164.78,167.03,13074710,168.24,0.0,1.0,0.79
2020-10-22,166.88,168.3,166.0,166.67,47495388,163.8,0.0,1.0,-0.22
2020-10-23,167.36,167.64,166.75,166.97,11344377,168.41,0.0,1.0,0.18
2020-10-24,168.93,169.89,168.13,169.02,47419796,168.47,0.0,1.0,1.23
2020-10-25,169.83,171.45,168.64,171.21,8339657,173.05,0.0,1.0,1.3
2020-10-26,171.8,171.89,169.83,171.23,27817892,174.43,0.0,1.0,0.01
2020-10-27,169.65,169.85,169.21,169.69,38446304,170.24,0.0,1.0,-0.9
2020-10-28,169.25,170.79,168.07,169.43,24150369,172.8,0.0,1.0,-0.15
2020-10-29,171.11,171.28,169.45,170.79,24375940,169.5,0.0,1.0,0.8
2020-10-30,170.72,171.67,169.84,171.12,22401652,168.16,0.0,1.0,0.19
2020-10-31,169.21,169.9,168.99,169.72,17368720,169.83,0.0,1.0,-0.82
2020-11-01,169.43,170.35,167.83,169.42,13508214,170.37,0.0,1.0,-0.18
2020-11-02,169.88,170.27,168.7,169.31,48294006,167.38,0.0,1.0,-0.06
2020-11-03,170.49,171.64,168.89,170.37,25547954,169.18,0.0,1.0,0.63
2020-11-04,171.82,172.88,170.54,171.94,42024213,171.2,0.0,1.0,0.92
2020-11-05,171.77,172.12,170.42,171.78,42237357,172.4,0.0,1.0,-0.09
2020-11-06,170.73,170.96,169.98,170.12,27069328,169.56,0.0,1.0,-0.97
2020-11-07,168.86,170.13,167.47,169.19,12625590,169.56,0.0,1.0,-0.55
2020-11-08,168.45,169.35,168.34,168.7,1643133,168.6,0.0,1.0,-0.29
2020-11-09,168.95,170.26,168.13,169.18,48656847,171.48,0.0,1.0,0.28
2020-11-10,167.3,168.82,166.72,167.3,37078303,165.89,0.0,1.0,-1.11
2020-11-11,168.39,169.38,167.37,168.52,18977720,170.37,0.0,1.0,0.73
2020-11-12,169.81,169.89,168.37,169.2,29531648,166.51,0.0,1.0,0.4
2020-11-13,168.39,170.39,167.49,168.5,6837330,168.09,0.0,1.0,-0.41
2020-11-14,167.45,169.07,166.27,167.25,48697890,167.99,0.0,1.0,-0.74
2020-11-15,168.39,170.02,166.78,168.63,36720759,167.15,0.0,1.0,0.83
2020-11-16,169.45,170.03,168.92,169.87,46587005,172.01,0.0,1.0,0.74
2020-11-17,169.52,169.64,168.97,169.41,48071937,171.89,0.0,1.0,-0.27
2020-11-18,170.72,172.24,169.37,170.77,39750371,171.67,0.0,1.0,0.8
2020-11-19,169.07,170.66,167.53,168.79,19671409,170.1,0.0,1.0,-1.16
2020-11-20,168.74,169.9,167.0,169.46,7250630,171.03,0.0,1.0,0.4
2020-11-21,168.89,169.02,167.82,168.08,29832860,170.26,0.0,1.0,-0.81
2020-11-22,167.21,168.3,166.95,168.1,24067975,170.75,0.0,1.0,0.01
2020-11-23,168.6,170.27,168.57,170.15,11602094,169.75,1.92,1.0,1.22
2020-11-24,170.9,171.16,169.6,169.85,19389134,167.09,0.0,1.0,-0.18
2020-11-25,170.51,171.81,170.41,171.29,49720254,172.66,0.0,1.0,0.85
2020-11-26,172.1,172.1,171.15,171.28,16179411,171.41,0.0,3.0,-0.01
2020-11-27,172.55,174.53,171.71,172.08,5753207,170.21,0.0,1.0,0.47
2020-11-28,170.49,171.23,169.89,170.4,9935292,171.36,0.0,1.0,-0.98
2020-11-29,170.65,171.87,170.32,170.86,15297909,171.74,0.0,1.0,0.27
2020-11-30,171.61,173.33,171.44,171.63,9264941,172.24,0.0,1.0,0.45
2020-12-01,170.89,171.17,170.34,170.41,38137819,171.1,0.0,1.0,-0.71
2020-12-02,172.18,172.23,170.49,172.01,14787228,172.13,0.0,1.0,0.94
2020-12-03,171.19,171.3,169.39,171.21,34211352,170.43,0.0,1.0,-0.47
2020-12-04,169.49,171.27,169.47,170.12,22238120,167.62,0.0,1.0,-0.64
2020-12-05,169.58,170.95,168.05,170.82,5898399,167.52,0.0,1.0,0.41
2020-12-06,168.98,169.1,167.4,168.26,43182665,169.69,0.0,1.0,-1.5
2020-12-07,167.87,169.15,166.79,167.15,6610104,165.88,0.0,1.0,-0.66
2020-12-08,168.38,169.45,167.6,168.77,44609992,169.99,0.0,1.0,0.97
2020-12-09,169.69,171.38,169.57,169.73,30157700,167.12,0.0,1.0,0.57
2020-12-10,170.39,171.71,170.04,170.06,10208127,171.43,0.0,1.0,0.19
2020-12-11,170.15,171.72,168.71,169.21,9518168,170.9,0.0,1.0,-0.5
2020-12-12,167.68,169.48,167.01,168.07,36155261,165.14,0.0,1.0,-0.67
2020-12-13,166.38,167.29,165.66,166.47,39043084,164.25,0.0,1.0,-0.95
2020-12-14,168.05,169.4,167.82,168.99,1172369,165.91,0.0,1.0,1.51
2020-12-15,168.88,169.65,168.58,169.58,3373209,169.94,0.0,1.0,0.35
2020-12-16,169.26,169.9,168.43,169.49,19203813,171.7,0.0,1.0,-0.05
2020-12-17,170.18,170.29,169.73,170.02,4082215,173.11,0.0,1.0,0.31
2020-12-18,169.15,170.84,168.5,169.79,1534802,168.9,0.0,1.0,-0.14
2020-12-19,170.75,171.24,170.01,171.21,14114576,172.8,0.0,1.0,0.84
2020-12-20,169.81,171.67,169.76,170.79,43677334,173.11,0.0,1.0,-0.25
2020-12-21,168.8,170.11,167.1,169.29,7975900,167.29,0.0,1.0,-0.88
2020-12-22,171.13,173.08,170.85,171.47,3946096,174.36,0.0,1.0,1.29
2020-12-23,172.27,173.01,170.32,170.55,7414064,170.59,0.0,1.0,-0.54
2020-12-24,170.92,171.04,169.6,169.79,20574046,168.17,0.0,1.0,-0.45
2020-12-25,170.59,172.06,169.95,170.52,6012188,173.55,0.0,1.0,0.43
2020-12-26,168.96,169.17,168.06,168.41,9102505,168.65,0.0,1.0,-1.24
2020-12-27,167.64,168.17,167.4,167.52,47040361,166.21,0.0,1.0,-0.53
2020-12-28,166.38,168.09,166.08,167.51,24873492,166.81,0.0,1.0,-0.01
2020-12-29,168.79,169.14,166.89,168.81,38309425,170.49,0.0,1.0,0.78
2020-12-30,170.03,170.31,170.01,170.26,15917504,167.75,0.0,1.0,0.86
2020-12-31,170.78,172.07,169.62,170.25,6032304,166.99,0.0,1.0,-0.01
2021-01-01,170.02,170.28,168.21,169.93,23249936,167.36,0.0,1.0,-0.19
2021-01-02,171.63,172.5,170.18,171.33,26684537,172.59,0.0,1.0,0.82
2021-01-03,170.08,170.64,168.31,168.39,42552234,169.18,0.0,1.0,-1.72
2021-01-04,169.92,170.88,169.74,170.18,29134372,168.13,0.0,1.0,1.06
2021-01-05,170.7,172.3,169.11,172.27,48873495,171.3,0.0,1.0,1.23
2021-01-06,173.92,174.92,173.14,173.46,22399511,174.13,1.64,1.0,0.69
2021-01-07,174.69,175.63,173.98,174.94,16620401,178.26,0.0,1.0,0.85
2021-01-08,174.01,175.64,172.18,172.37,15724462,172.89,0.0,1.0,-1.47
2021-01-09,174.11,176.09,173.76,174.31,22340911,176.45,0.0,1.0,1.13
2021-01-10,172.42,173.82,170.52,172.38,38789597,175.47,0.0,1.0,-1.11
2021-01-11,174.26,175.34,173.91,173.96,4769369,172.1,0.0,1.0,0.92
2021-01-12,171.96,173.8,171.56,171.85,49112870,169.63,0.0,1.0,-1.21
2021-01-13,170.09,170.39,168.68,168.92,8443754,171.26,0.0,1.0,-1.7
2021-01-14,168.41,170.29,167.62,167.89,21251116,166.7,0.0,1.0,-0.61
2021-01-15,167.64,168.92,166.67,167.38,48458242,170.52,0.0,1.0,-0.3
2021-01-16,168.53,168.98,167.35,167.64,21590558,169.21,0.0,1.0,0.16
2021-01-17,165.65,167.05,164.5,166.67,39083123,163.55,0.0,1.0,-0.58
2021-01-18,168.54,168.98,167.41,168.88,10438416,167.74,0.0,1.0,1.33
2021-01-19,168.16,169.43,166.23,168.86,45964587,169.8,0.0,1.0,-0.01
2021-01-20,167.92,168.42,167.78,167.94,8250079,169.42,0.0,1.0,-0.54
2021-01-21,167.62,167.95,166.79,167.81,24570724,168.12,0.0,1.0,-0.08
2021-01-22,169.27,170.57,167.9,168.33,5946553,170.34,0.0,1.0,0.31
2021-01-23,167.37,167.58,166.69,167.48,11798117,169.03,0.0,1.0,-0.5
2021-01-24,165.85,167.04,164.62,165.79,3079918,165.33,0.0,1.0,-1.01
2021-01-25,165.53,165.64,164.87,165.62,28466306,166.93,0.0,1.0,-0.1
2021-01-26,164.68,165.24,164.2,164.25,39370822,164.58,0.0,1.0,-0.83
2021-01-27,162.27,162.45,160.62,161.76,33234293,159.82,0.42,1.0,-1.52
2021-01-28,160.09,161.78,159.47,160.39,33822731,162.92,0.0,1.0,-0.85
2021-01-29,159.94,160.68,159.18,159.46,3994191,157.95,0.0,1.0,-0.58
2021-01-30,158.53,158.65,157.03,158.11,6751720,159.17,0.0,1.0,-0.85
2021-01-31,159.14,159.6,159.02,159.24,36069902,158.72,0.0,1.0,0.71
2021-02-01,159.14,160.9,158.19,158.4,48936244,155.45,0.0,1.0,-0.53
2021-02-02,158.69,160.66,158.4,160.55,31134546,158.45,0.0,1.0,1.36
2021-02-03,161.78,162.03,160.93,162.02,30218746,160.09,0.0,1.0,0.92
2021-02-04,162.4,163.04,160.95,162.64,6840312,161.91,0.0,1.0,0.38
2021-02-05,161.74,162.66,159.99,162.09,42812709,162.66,0.0,1.0,-0.34
2021-02-06,160.69,161.82,159.52,161.74,7724576,164.49,0.0,1.0,-0.22
2021-02-07,160.88,161.95,160.19,160.91,26705612,161.91,0.0,1.0,-0.51
2021-02-08,159.6,160.41,158.36,159.76,27958966,156.81,0.0,1.0,-0.71
2021-02-09,158.71,160.2,156.87,159.86,2357806,158.82,0.0,1.0,0.06
2021-02-10,161.23,162.95,159.86,162.87,16297963,160.49,0.0,1.0,1.88
2021-02-11,164.17,164.71,163.34,164.22,13612150,163.84,0.0,1.0,0.83
2021-02-12,164.16,165.19,163.41,163.51,11668460,160.67,0.0,1.0,-0.43
2021-02-13,164.63,165.68,163.49,163.87,14470545,166.08,0.0,1.0,0.22
2021-02-14,165.54,166.95,164.99,166.6,34898457,165.91,0.0,1.0,1.67
2021-02-15,165.57,166.55,164.68,166.48,32848678,167.06,0.0,1.0,-0.07
2021-02-16,168.06,169.56,166.68,167.5,26941983,164.48,0.0,1.0,0.61
2021-02-17,166.36,166.8,165.91,166.09,44727285,165.49,1.58,1.0,-0.84
2021-02-18,164.13,165.95,162.84,164.71,1567991,162.89,0.0,1.0,-0.83
2021-02-19,165.56,166.98,165.01,166.77,24401478,166.5,0.0,1.0,1.25
2021-02-20,166.85,168.1,165.68,165.7,45449921,168.79,0.0,1.0,-0.64
2021-02-21,166.08,166.65,164.71,165.64,23567613,168.88,0.0,1.0,-0.04
2021-02-22,164.68,166.1,162.9,163.86,11061584,163.97,0.0,1.0,-1.07
2021-02-23,165.29,166.91,164.48,165.26,10390510,166.72,0.0,1.0,0.85
2021-02-24,164.3,165.14,163.52,163.58,48517703,166.82,0.0,1.0,-1.02
2021-02-25,164.43,165.8,163.15,164.41,46088330,163.48,0.0,1.0,0.51
2021-02-26,165.04,166.16,164.45,165.26,18357831,166.75,0.0,1.0,0.52
2021-02-27,167.05,168.85,165.74,166.43,15987283,168.06,0.0,1.0,0.71
2021-02-28,165.76,166.28,165.17,166.11,32577174,163.14,0.0,1.0,-0.19
2021-03-01,166.59,167.53,166.2,166.36,46680853,165.57,0.0,1.0,0.15
2021-03-02,167.78,168.05,167.38,167.65,39212027,170.28,0.0,1.0,0.78
2021-03-03,169.1,169.46,168.94,169.11,12866475,167.85,0.0,1.0,0.87
2021-03-04,167.95,169.5,166.8,167.23,6908354,164.75,0.0,1.0,-1.11
2021-03-05,166.95,167.9,166.94,167.45,26038411,170.46,0.0,1.0,0.13
2021-03-06,167.57,167.61,167.56,167.6,16184434,168.9,0.0,1.0,0.09
2021-03-07,167.13,168.31,166.8,168.04,21012014,171.05,0.0,1.0,0.26
2021-03-08,168.14,169.01,166.77,167.07,33895334,166.13,0.0,1.0,-0.58
2021-03-09,168.74,169.55,168.28,169.2,9805070,167.25,1.06,1.0,1.27
2021-03-10,170.04,171.62,169.29,170.78,36885353,171.62,0.0,1.0,0.93
2021-03-11,169.21,170.88,169.11,169.31,30817427,168.5,0.0,1.0,-0.86
2021-03-12,167.92,169.31,166.66,167.46,45403558,164.79,0.0,1.0,-1.09
2021-03-13,168.26,169.1,166.46,167.81,42453008,165.24,0.0,1.0,0.21
2021-03-14,166.6,167.0,166.07,166.56,14534058,165.61,0.0,1.0,-0.74
2021-03-15,166.75,168.57,165.37,166.91,16737382,163.59,0.0,1.0,0.21
2021-03-16,168.25,169.59,167.95,168.1,35339964,165.24,0.0,1.0,0.71
2021-03-17,168.68,169.59,166.73,167.49,4360825,164.81,0.0,1.0,-0.36
2021-03-18,166.65,168.25,166.02,167.67,7375239,170.03,0.0,2.0,0.11
2021-03-19,168.32,168.66,167.6,168.06,42728763,166.5,0.0,1.0,0.23
2021-03-20,167.43,167.66,166.63,167.1,26884928,168.37,0.0,1.0,-0.57
2021-03-21,168.64,168.97,168.37,168.81,11696844,166.13,0.0,1.0,1.02
2021-03-22,169.09,169.97,167.87,169.51,42027569,166.32,0.0,1.0,0.41
2021-03-23,171.4,171.66,169.56,169.8,28600819,169.4,0.0,1.0,0.17
2021-03-24,167.85,169.59,166.8,168.87,49571620,169.31,0.0,1.0,-0.55
2021-03-25,168.22,169.27,166.82,167.05,45406825,168.56,0.0,1.0,-1.08
2021-03-26,167.62,167.92,165.97,167.71,42131963,164.72,0.0,1.0,0.4
2021-03-27,169.11,170.81,167.37,167.63,33993936,166.43,0.0,1.0,-0.05
2021-03-28,167.66,168.76,166.9,168.42,6290231,168.14,0.0,1.0,0.47
2021-03-29,169.85,170.74,169.61,170.17,44847120,166.89,0.0,1.0,1.04
2021-03-30,170.37,172.02,168.79,171.9,43784459,170.56,0.0,1.0,1.02
2021-03-31,172.59,174.49,171.86,172.0,15959781,174.37,0.0,1.0,0.06
2021-04-01,172.4,173.83,171.67,172.65,7538887,174.44,0.0,1.0,0.38
2021-04-02,173.97,175.9,173.39,174.7,48116868,171.95,0.0,1.0,1.19
2021-04-03,175.99,177.48,175.17,175.76,14148067,173.56,0.0,1.0,0.61
2021-04-04,175.59,177.15,174.16,174.48,28814634,171.31,0.0,1.0,-0.73
2021-04-05,172.97,174.75,172.06,173.65,34836126,171.11,0.0,1.0,-0.48
2021-04-06,171.84,173.71,170.16,171.87,35113643,173.8,0.0,1.0,-1.03
2021-04-07,170.56,172.19,170.35,171.56,41678760,174.19,0.0,1.0,-0.18
2021-04-08,173.48,175.31,171.96,172.88,24008864,176.13,0.0,1.0,0.77
2021-04-09,172.53,173.93,171.03,171.9,48076486,172.23,0.0,1.0,-0.57
2021-04-10,172.11,172.54,171.69,172.3,47077704,171.23,0.0,1.0,0.23
2021-04-11,172.9,174.82,171.89,173.92,22634649,175.38,0.0,1.0,0.94
2021-04-12,174.25,176.14,172.83,175.06,36829610,173.56,0.0,1.0,0.66
2021-04-13,175.15,175.2,174.86,175.09,14415224,173.46,0.0,1.0,0.02
2021-04-14,175.82,176.11,175.7,176.02,14690268,177.81,0.0,1.0,0.53
2021-04-15,174.43,176.17,172.95,175.73,44427450,176.16,0.0,1.0,-0.16
2021-04-16,176.93,177.51,175.6,177.37,27008352,176.78,0.0,1.0,0.93
2021-04-17,179.23,179.34,177.74,178.06,30733511,180.41,0.0,1.0,0.39
2021-04-18,178.65,180.16,177.56,179.13,49648189,182.46,0.0,1.0,0.6
2021-04-19,179.86,180.23,179.51,179.88,26313344,176.57,0.0,1.0,0.42
2021-04-20,178.52,180.21,178.51,179.3,11388834,176.0,0.0,1.0,-0.32
2021-04-21,180.39,181.64,178.7,179.59,39431702,179.95,0.0,1.0,0.16
2021-04-22,179.69,181.6,178.65,180.97,11695172,180.36,0.0,1.0,0.77
2021-04-23,179.85,180.28,179.19,179.58,15659614,182.81,0.0,1.0,-0.77
2021-04-24,179.83,181.33,178.53,178.85,24220156,178.46,0.0,1.0,-0.41
2021-04-25,179.33,181.25,177.96,179.02,8608402,178.2,0.0,1.0,0.1
2021-04-26,180.67,182.31,179.92,181.84,30900817,181.74,0.0,1.0,1.58
2021-04-27,181.12,181.28,180.93,181.27,37102879,181.51,0.0,1.0,-0.31
2021-04-28,181.79,182.22,180.42,181.92,14796211,182.19,0.0,1.0,0.36
2021-04-29,183.02,184.31,181.14,183.51,11318295,180.01,0.0,1.0,0.87
2021-04-30,181.8,182.16,181.3,181.36,16277039,184.34,0.0,1.0,-1.17
2021-05-01,180.98,181.61,180.2,180.37,1395870,181.39,0.0,1.0,-0.55
2021-05-02,180.71,182.11,180.56,182.0,8122635,180.47,0.0,1.0,0.9
2021-05-03,181.13,182.98,180.37,182.52,3068238,182.33,0.0,1.0,0.29
2021-05-04,182.08,183.67,180.99,183.56,10668745,182.08,0.0,1.0,0.57
2021-05-05,185.03,186.33,183.12,183.16,38250100,180.53,0.0,1.0,-0.22
2021-05-06,182.74,183.84,182.57,182.84,49716830,181.7,0.0,1.0,-0.17
2021-05-07,182.89,183.21,182.45,183.08,14041011,180.26,0.0,1.0,0.13
2021-05-08,181.3,182.8,179.32,181.23,44263374,181.59,0.0,1.0,-1.01
2021-05-09,179.62,181.07,178.65,179.45,9604372,180.68,0.0,1.0,-0.98
2021-05-10,177.73,178.12,176.76,177.21,45253078,175.83,0.0,1.0,-1.25
2021-05-11,176.67,177.3,175.81,175.82,17520533,177.83,0.0,1.0,-0.78
2021-05-12,174.93,175.65,173.57,174.26,33209165,174.0,0.0,1.0,-0.89
2021-05-13,174.47,174.82,173.26,174.57,10395352,177.3,0.0,1.0,0.18
2021-05-14,175.08,176.53,173.3,176.04,43387736,172.74,0.0,1.0,0.84
2021-05-15,176.4,178.21,175.3,176.88,37217118,176.68,0.0,1.0,0.48
2021-05-16,175.77,177.31,174.3,175.18,32185565,175.19,0.0,1.0,-0.96
2021-05-17,173.22,173.7,171.29,173.66,46913311,171.34,0.0,1.0,-0.87
2021-05-18,172.38,174.28,171.06,174.18,33447364,177.24,0.0,1.0,0.3
2021-05-19,173.11,173.64,172.64,173.31,35754689,176.14,0.0,1.0,-0.5
2021-05-20,173.13,173.22,171.17,171.83,48226940,175.05,0.0,1.0,-0.85
2021-05-21,172.8,173.96,171.66,172.53,26401947,171.6,0.0,1.0,0.41
2021-05-22,172.6,173.35,170.79,172.11,24682584,174.29,0.0,1.0,-0.24
2021-05-23,173.66,173.67,171.9,172.68,16434419,169.76,0.0,1.0,0.33
2021-05-24,171.43,172.15,170.0,170.25,16458280,169.67,0.0,1.0,-1.41
2021-05-25,170.95,171.91,169.77,171.16,28574979,167.89,0.0,1.0,0.53
2021-05-26,169.8,171.06,169.72,170.49,4752191,168.21,0.0,1.0,-0.39
2021-05-27,170.11,172.05,168.83,171.66,49853529,172.77,0.0,1.0,0.69
2021-05-28,171.46,173.45,169.73,170.36,28566096,171.05,0.0,1.0,-0.76
2021-05-29,169.09,170.41,168.56,169.9,23996279,172.77,0.0,1.0,-0.27
2021-05-30,169.41,169.67,169.38,169.53,34846994,170.78,0.0,1.0,-0.22
2021-05-31,168.24,170.04,167.04,169.67,36663660,169.69,0.0,1.0,0.08
2021-06-01,168.19,169.4,166.53,169.1,46537347,170.11,0.0,1.0,-0.34
2021-06-02,167.27,168.33,166.81,168.03,26584348,167.03,0.0,1.0,-0.63
2021-06-03,169.38,170.53,168.53,169.04,16603675,171.81,0.0,1.0,0.6
2021-06-04,169.21,169.73,169.2,169.59,1477417,170.12,0.0,4.0,0.33
2021-06-05,168.41,170.02,167.59,167.85,29593180,168.87,0.0,1.0,-1.03
2021-06-06,167.54,168.27,166.99,167.86,14669650,167.28,0.0,1.0,0.01
2021-06-07,167.34,168.45,166.83,167.33,24109360,169.17,0.0,1.0,-0.32
2021-06-08,168.79,169.03,168.33,168.88,11857886,166.18,0.0,1.0,0.93
2021-06-09,170.08,171.31,168.71,168.85,27112305,171.99,0.27,1.0,-0.02
2021-06-10,170.55,171.42,170.42,170.64,6371375,171.38,0.0,1.0,1.06
2021-06-11,170.24,171.55,169.67,171.48,4856278,174.54,0.0,1.0,0.49
2021-06-12,171.24,171.64,169.93,171.3,20193572,169.21,0.0,1.0,-0.1
2021-06-13,172.09,173.32,170.74,171.67,44957589,168.24,0.0,1.0,0.22
2021-06-14,172.79,173.5,172.0,172.88,35745124,169.53,0.0,1.0,0.7
2021-06-15,173.08,174.53,171.96,173.46,24318658,176.67,0.0,1.0,0.34
2021-06-16,172.24,174.1,171.09,171.88,28322342,171.92,0.0,1.0,-0.91
2021-06-17,171.24,171.47,170.21,170.53,37098085,172.67,0.0,1.0,-0.79
2021-06-18,172.39,173.52,170.85,172.87,31792796,174.13,0.0,1.0,1.37
2021-06-19,172.8,173.32,172.03,173.05,15789607,174.27,0.0,1.0,0.1
2021-06-20,174.87,175.9,174.85,175.72,17660286,174.22,0.0,1.0,1.54
2021-06-21,175.09,176.2,174.73,175.19,15667724,177.95,0.0,1.0,-0.3
2021-06-22,175.92,177.74,174.92,175.48,17244137,178.1,0.0,1.0,0.17
2021-06-23,174.48,175.72,174.17,174.34,6267211,175.57,0.0,1.0,-0.65
2021-06-24,175.4,176.48,175.32,175.88,42652289,174.58,0.0,1.0,0.88
2021-06-25,176.18,176.73,175.81,176.51,35301597,174.96,0.0,1.0,0.36
2021-06-26,174.73,176.33,173.77,175.15,34720540,174.08,0.0,1.0,-0.77
2021-06-27,174.98,175.22,173.94,174.34,1564963,170.94,0.0,1.0,-0.46
2021-06-28,173.64,174.87,173.12,174.08,16914139,172.47,0.0,1.0,-0.15
2021-06-29,172.82,173.67,171.98,173.25,25499968,175.71,0.0,1.0,-0.48
2021-06-30,171.77,172.92,171.31,171.47,19115977,173.56,0.0,1.0,-1.03
2021-07-01,170.25,171.85,168.77,170.23,1653794,168.03,0.0,1.0,-0.72
2021-07-02,171.63,172.66,170.19,172.13,21134953,170.42,0.0,1.0,1.12
2021-07-03,170.53,170.86,170.1,170.29,43269337,167.54,0.0,1.0,-1.07
2021-07-04,169.73,170.84,168.11,169.05,28632806,166.49,0.0,1.0,-0.73
2021-07-05,167.85,169.0,166.55,166.98,20099768,166.01,0.0,1.0,-1.22
2021-07-06,167.93,169.71,167.17,167.9,43393487,170.97,0.0,1.0,0.55
2021-07-07,169.61,170.45,168.39,169.22,5787820,166.37,0.0,1.0,0.79
2021-07-08,169.83,171.25,168.62,169.66,30856625,171.57,0.0,1.0,0.26
2021-07-09,169.74,170.64,169.41,170.46,9391286,172.01,0.0,1.0,0.47
2021-07-10,171.26,171.42,170.93,170.98,5281035,173.97,0.0,1.0,0.31
2021-07-11,172.06,173.11,170.07,170.39,42480134,168.04,0.0,1.0,-0.35
2021-07-12,169.63,170.12,169.06,169.72,9809857,169.9,0.0,1.0,-0.39
2021-07-13,169.15,170.98,167.42,169.08,37277988,172.02,0.0,1.0,-0.38
2021-07-14,170.87,171.95,169.69,170.72,43671247,173.3,0.0,1.0,0.97
2021-07-15,170.86,172.68,169.9,170.53,7009868,170.13,0.0,1.0,-0.11
2021-07-16,169.74,169.74,168.11,169.49,24077726,168.04,0.0,1.0,-0.61
2021-07-17,169.46,170.97,168.86,170.48,20657703,171.14,0.0,1.0,0.58
2021-07-18,169.23,170.99,168.36,169.02,48978675,170.62,0.0,1.0,-0.86
2021-07-19,168.07,168.91,167.59,168.6,42152243,170.67,0.0,1.0,-0.25
2021-07-20,169.57,171.19,168.74,170.83,13241138,168.35,0.0,1.0,1.32
2021-07-21,170.64,172.04,169.66,170.42,11210567,167.35,0.0,1.0,-0.24
2021-07-22,168.83,169.37,167.4,168.83,16623648,166.06,0.51,1.0,-0.93
2021-07-23,169.97,170.97,169.23,170.44,3129842,169.28,0.0,1.0,0.95
2021-07-24,168.66,170.21,168.52,169.31,13897806,171.99,0.0,1.0,-0.66
2021-07-25,167.36,169.31,165.93,167.23,30726605,165.54,0.0,1.0,-1.23
2021-07-26,168.17,168.36,166.84,167.16,27113599,168.37,0.0,1.0,-0.04
2021-07-27,167.68,167.76,165.81,166.83,17999530,166.7,0.0,1.0,-0.2
2021-07-28,165.04,166.37,163.09,163.86,30136095,162.71,0.0,1.0,-1.78
2021-07-29,162.34,163.92,162.32,162.39,47355542,162.23,0.0,1.0,-0.9
2021-07-30,160.75,161.07,160.57,160.88,42951920,158.05,0.0,1.0,-0.93
2021-07-31,161.03,161.24,160.05,160.43,38470263,162.28,0.0,1.0,-0.28
2021-08-01,160.18,160.57,158.8,159.43,10041723,157.84,0.0,1.0,-0.62
2021-08-02,159.67,160.76,158.69,159.86,37481757,158.89,0.0,1.0,0.27
2021-08-03,161.19,163.02,160.08,160.28,11403583,159.96,0.0,1.0,0.26
2021-08-04,160.1,161.65,159.09,160.97,2256268,161.74,0.0,1.0,0.43
2021-08-05,160.25,160.38,158.32,160.01,13741923,160.16,0.0,1.0,-0.6
2021-08-06,160.46,161.11,159.18,159.39,36111393,160.4,0.0,1.0,-0.39
2021-08-07,158.1,158.16,157.89,157.94,3135212,158.39,0.0,1.0,-0.91
2021-08-08,158.04,159.44,157.53,158.23,41664859,159.61,1.85,1.0,0.18
2021-08-09,159.94,161.6,159.0,160.66,25221337,161.03,0.0,1.0,1.54
2021-08-10,160.14,161.56,158.49,159.31,3728186,160.8,0.0,1.0,-0.84
2021-08-11,158.17,159.21,157.97,158.26,26859131,156.29,0.0,1.0,-0.66
2021-08-12,158.76,159.12,157.26,158.03,8080936,159.71,0.0,1.0,-0.15
2021-08-13,158.84,159.69,158.63,159.47,37907557,158.84,0.0,1.0,0.91
2021-08-14,161.46,162.35,160.76,161.26,22787168,163.48,0.0,1.0,1.12
2021-08-15,162.56,163.21,162.08,162.7,26170056,164.43,0.0,1.0,0.89
2021-08-16,164.55,165.44,163.76,164.98,20091275,165.61,0.0,1.0,1.4
2021-08-17,164.19,164.79,163.75,164.64,2456354,166.43,0.0,1.0,-0.21
2021-08-18,166.32,167.34,165.18,166.41,7327502,163.33,0.0,1.0,1.08
2021-08-19,165.88,167.04,165.41,166.73,7167648,167.2,0.0,1.0,0.19
2021-08-20,165.04,165.69,164.07,164.86,47277943,166.2,0.0,1.0,-1.12
2021-08-21,165.43,165.5,163.81,164.45,4752909,167.23,0.0,1.0,-0.25
2021-08-22,164.19,166.05,163.95,165.57,44807269,167.88,0.0,1.0,0.68
2021-08-23,166.1,166.21,165.05,165.42,38910662,163.1,0.0,1.0,-0.09
2021-08-24,163.62,165.08,162.83,163.83,40938645,164.32,0.0,1.0,-0.96
2021-08-25,164.98,165.28,164.31,164.77,4309211,165.09,0.0,1.0,0.57
2021-08-26,164.51,165.91,162.99,164.39,14294838,164.31,0.0,1.0,-0.23
2021-08-27,164.85,166.32,164.36,164.5,29861222,163.34,0.0,1.0,0.07
2021-08-28,165.19,166.04,164.49,164.99,40854420,166.02,0.0,1.0,0.3
2021-08-29,164.39,166.03,162.78,164.81,30559000,161.81,0.0,1.0,-0.11
2021-08-30,164.31,165.83,162.6,162.96,4659984,161.29,0.0,1.0,-1.12
2021-08-31,164.29,164.87,163.6,164.62,21476125,164.29,0.5,1.0,1.02
2021-09-01,163.44,164.49,162.92,163.68,49984342,166.9,0.0,1.0,-0.57
2021-09-02,163.19,165.0,162.14,162.87,5033917,161.46,0.0,1.0,-0.49
2021-09-03,161.08,162.39,161.06,161.58,19207331,162.63,0.0,1.0,-0.79
2021-09-04,160.01,160.59,158.24,159.15,26548425,159.2,0.0,1.0,-1.5
2021-09-05,159.09,160.28,158.91,159.18,31734937,159.57,0.0,1.0,0.02
2021-09-06,160.87,161.48,159.89,161.07,2232939,160.08,0.0,1.0,1.19
2021-09-07,160.01,161.97,159.01,161.41,42996214,159.85,0.0,1.0,0.21
2021-09-08,163.37,165.26,161.47,162.32,23936880,164.9,0.0,1.0,0.56
2021-09-09,161.85,163.77,160.63,162.59,16262433,162.05,0.0,1.0,0.17
2021-09-10,161.84,163.05,160.94,161.22,44786698,158.89,0.0,1.0,-0.84
2021-09-11,162.67,163.29,161.26,162.32,10076641,161.87,0.0,1.0,0.68
2021-09-12,162.94,164.07,162.62,162.72,36766443,165.64,0.0,1.0,0.25
2021-09-13,164.24,165.69,162.71,165.33,28785764,168.38,0.0,1.0,1.6
2021-09-14,166.62,167.89,165.14,165.56,13612010,162.96,0.0,1.0,0.14
2021-09-15,166.01,166.54,164.88,165.26,16581506,163.48,0.25,1.0,-0.18
2021-09-16,163.8,165.49,162.86,164.57,13346452,166.89,0.0,1.0,-0.42
2021-09-17,163.34,163.4,161.81,161.83,19109910,164.74,0.0,1.0,-1.66
2021-09-18,160.64,161.05,160.29,161.02,30479930,163.38,0.0,1.0,-0.5
2021-09-19,160.85,161.34,160.04,160.09,26526478,161.5,0.0,1.0,-0.58
2021-09-20,160.38,161.45,159.1,160.75,3584494,160.88,0.0,1.0,0.41
2021-09-21,158.92,160.91,157.88,159.08,3634131,159.45,0.0,1.0,-1.04
2021-09-22,157.28,157.86,156.48,156.9,20187403,156.66,0.0,1.0,-1.37
2021-09-23,155.12,156.15,154.84,155.93,31312945,153.38,0.0,1.0,-0.62
2021-09-24,156.27,158.06,155.18,156.31,22707095,156.0,0.0,1.0,0.24
2021-09-25,157.16,157.56,156.25,156.58,47420370,157.51,0.0,1.0,0.17
2021-09-26,157.51,157.69,156.1,157.11,6724825,157.26,0.0,1.0,0.34
2021-09-27,157.16,159.06,156.4,157.41,12467896,160.01,0.0,1.0,0.19
2021-09-28,156.01,157.75,155.65,157.15,29157650,155.94,0.0,1.0,-0.17
2021-09-29,156.31,156.67,154.51,156.58,1237088,157.35,0.0,1.0,-0.36
2021-09-30,158.0,159.09,157.99,158.96,16963746,157.16,0.0,1.0,1.52
2021-10-01,158.73,159.93,158.72,159.79,19663843,160.56,0.0,1.0,0.52
2021-10-02,157.99,158.29,156.68,156.74,3176480,157.79,0.0,1.0,-1.91
2021-10-03,158.42,158.52,157.59,157.76,46103229,156.4,0.0,1.0,0.65
2021-10-04,158.05,159.17,156.12,158.41,25171850,161.14,0.0,1.0,0.41
2021-10-05,157.88,158.64,157.74,158.12,37941489,155.37,0.0,1.0,-0.18
2021-10-06,159.56,160.22,158.73,159.04,15029173,159.75,0.0,1.0,0.58
2021-10-07,159.56,161.53,158.59,160.61,48432923,159.24,0.0,1.0,0.99
2021-10-08,160.71,162.7,160.0,160.35,38757751,160.33,0.0,1.0,-0.16
2021-10-09,161.58,163.35,161.11,161.76,13989285,158.54,1.29,1.0,0.88
2021-10-10,163.15,164.75,161.15,162.64,23400419,161.66,0.0,1.0,0.54
2021-10-11,163.2,164.58,162.69,162.82,21151717,162.86,0.0,4.0,0.11
2021-10-12,162.15,162.94,161.01,162.86,12786268,160.87,0.0,1.0,0.02
2021-10-13,162.78,163.73,162.71,162.85,11427797,163.68,0.0,1.0,-0.01
2021-10-14,162.19,163.76,161.36,163.14,35968632,161.83,0.0,1.0,0.18
2021-10-15,163.28,163.7,161.91,163.34,24729395,160.51,0.0,1.0,0.12
2021-10-16,162.7,163.45,161.63,161.93,41647106,161.21,0.0,1.0,-0.86
2021-10-17,162.94,164.35,162.31,162.37,28774316,159.69,0.0,1.0,0.27
2021-10-18,163.69,164.3,162.64,162.93,26113189,164.79,0.0,1.0,0.34
2021-10-19,162.71,162.76,161.74,162.25,13764889,161.21,0.0,1.0,-0.42
2021-10-20,161.49,162.14,159.95,160.17,35638013,161.3,0.0,1.0,-1.28
2021-10-21,160.01,161.44,158.97,158.98,3954800,160.17,0.0,1.0,-0.74
2021-10-22,158.85,158.94,157.81,158.55,21970231,155.52,0.0,1.0,-0.27
2021-10-23,157.39,157.79,156.82,157.34,30602768,158.42,0.0,1.0,-0.76
2021-10-24,155.8,157.72,154.68,154.99,37408485,154.06,0.0,1.0,-1.49
2021-10-25,155.81,156.38,155.32,155.4,42155375,157.84,0.0,1.0,0.26
2021-10-26,153.52,155.33,153.42,154.15,6779387,153.7,0.0,1.0,-0.8
2021-10-27,154.52,156.19,153.12,155.01,21967537,153.97,0.0,1.0,0.56
2021-10-28,156.25,156.41,154.4,155.94,39103695,153.64,0.0,1.0,0.6
2021-10-29,155.81,156.72,154.44,156.06,32232234,155.88,0.0,1.0,0.08
2021-10-30,157.64,158.16,156.91,157.14,45639515,156.07,0.0,1.0,0.69
2021-10-31,157.09,157.22,156.86,157.03,12462297,155.66,0.0,1.0,-0.07
2021-11-01,157.06,157.87,155.63,155.87,38322585,156.8,0.0,1.0,-0.74
2021-11-02,155.47,156.3,154.23,155.36,33371615,154.64,0.0,1.0,-0.33
2021-11-03,155.72,157.29,154.85,156.77,37542580,157.99,0.0,1.0,0.91
2021-11-04,157.73,159.15,156.06,156.41,41001949,156.18,0.0,1.0,-0.23
2021-11-05,155.11,157.02,154.97,155.19,41024089,156.87,0.0,1.0,-0.78
2021-11-06,155.83,156.01,154.2,155.81,43690150,157.74,0.0,1.0,0.4
2021-11-07,155.62,156.2,154.39,155.2,14801721,156.33,0.0,1.0,-0.39
2021-11-08,156.85,157.46,154.96,156.05,24103207,159.11,0.0,1.0,0.55
2021-11-09,156.09,157.79,154.38,154.59,37835057,157.48,1.16,1.0,-0.94
2021-11-10,153.03,153.59,152.97,153.24,40605227,152.59,0.0,1.0,-0.87
2021-11-11,152.77,153.86,151.45,152.59,13631689,152.93,0.0,1.0,-0.42
2021-11-12,152.26,152.84,150.51,150.8,1778647,148.22,1.47,1.0,-1.17
2021-11-13,150.55,152.53,150.38,151.76,28907587,153.95,0.0,1.0,0.64
2021-11-14,153.48,154.73,152.57,153.49,31202060,152.78,0.0,1.0,1.14
2021-11-15,151.52,152.52,150.06,151.81,19069091,151.27,0.0,1.0,-1.09
2021-11-16,153.72,154.86,152.31,152.6,33315126,155.42,0.0,1.0,0.52
2021-11-17,152.71,154.43,151.21,152.11,35691897,149.54,0.0,1.0,-0.32
2021-11-18,152.0,153.48,150.08,150.35,43526059,150.59,0.0,1.0,-1.16
2021-11-19,151.96,153.03,151.94,152.43,32489652,152.88,0.0,1.0,1.38
2021-11-20,154.34,154.93,154.0,154.65,41106707,156.19,0.0,1.0,1.46
2021-11-21,152.9,153.85,152.56,152.63,20579226,154.52,0.0,1.0,-1.31
2021-11-22,150.96,151.97,149.26,150.01,9894525,150.7,0.0,1.0,-1.72
2021-11-23,150.98,152.19,149.16,151.4,45235186,151.08,0.0,1.0,0.93
2021-11-24,152.2,153.17,150.6,152.82,24008139,155.78,0.0,1.0,0.94
2021-11-25,154.11,155.79,152.6,153.92,26713901,152.31,0.0,1.0,0.72
2021-11-26,152.76,154.23,152.07,153.46,8784250,150.71,0.0,1.0,-0.3
2021-11-27,153.37,155.27,151.53,152.4,46869576,153.65,0.0,1.0,-0.69
2021-11-28,153.88,153.9,152.03,152.87,46532921,151.74,0.0,1.0,0.31
2021-11-29,151.26,152.32,150.55,152.04,41968992,154.58,0.0,1.0,-0.54
2021-11-30,151.11,151.31,149.8,150.39,46318019,151.89,0.0,1.0,-1.09
2021-12-01,149.17,149.84,147.79,148.16,37749656,145.26,0.23,1.0,-1.48
2021-12-02,148.26,149.63,147.56,149.06,17904461,147.23,0.27,1.0,0.61
2021-12-03,149.69,151.36,147.79,150.07,48518115,152.82,0.0,1.0,0.68
2021-12-04,149.57,151.1,148.27,150.54,13399611,152.92,0.0,1.0,0.31
2021-12-05,150.41,152.28,149.13,152.04,19547786,153.68,0.0,1.0,1.0
2021-12-06,153.12,153.63,151.56,152.13,5186746,151.42,0.0,1.0,0.06
2021-12-07,153.95,154.48,153.07,153.76,14466676,154.44,0.0,1.0,1.07
2021-12-08,152.34,153.88,151.9,153.17,30634046,154.49,0.0,1.0,-0.38
2021-12-09,153.46,153.96,152.57,153.82,10989441,154.76,0.17,1.0,0.42
2021-12-10,152.43,153.09,151.65,151.66,48486611,154.33,0.0,1.0,-1.4
2021-12-11,153.04,154.6,151.47,153.16,1221953,152.45,0.0,1.0,0.99
2021-12-12,151.64,152.71,149.66,150.68,21322448,150.08,0.0,1.0,-1.62
2021-12-13,149.04,150.11,147.12,147.36,31845874,148.9,0.0,1.0,-2.2
2021-12-14,147.58,149.52,146.26,147.23,27179484,149.56,0.0,1.0,-0.09
2021-12-15,145.57,146.84,144.1,144.48,13958233,141.74,0.0,1.0,-1.87
2021-12-16,144.04,145.63,142.75,144.19,31152500,146.88,0.74,1.0,-0.2
2021-12-17,145.07,145.88,144.65,145.45,36105964,145.21,0.0,1.0,0.87
2021-12-18,144.05,145.21,142.2,142.31,10501975,142.25,1.82,1.0,-2.16
2021-12-19,141.28,142.58,141.25,142.09,21625059,143.91,0.0,1.0,-0.15
2021-12-20,143.43,143.56,141.8,142.0,40928257,143.7,0.0,1.0,-0.06
2021-12-21,141.7,143.32,139.74,142.17,22759038,140.01,0.0,1.0,0.12
2021-12-22,141.46,143.39,141.03,141.14,12639874,140.21,0.0,1.0,-0.72
2021-12-23,140.8,142.19,139.69,140.79,40056406,138.2,0.0,1.0,-0.25
2021-12-24,141.24,142.8,141.21,141.98,1426113,139.18,0.0,1.0,0.85
2021-12-25,142.35,142.92,140.96,142.51,32944656,143.61,0.0,1.0,0.37
2021-12-26,142.6,143.42,140.72,142.37,3524716,142.92,0.0,1.0,-0.1
2021-12-27,140.72,142.37,140.12,141.06,38427311,139.57,0.0,1.0,-0.92
2021-12-28,139.44,140.16,137.92,139.13,15715372,138.93,0.0,1.0,-1.37
2021-12-29,137.34,137.57,137.04,137.49,32837306,137.48,0.0,1.0,-1.18
2021-12-30,135.71,136.44,135.29,135.58,42394045,137.23,0.0,1.0,-1.39
2021-12-31,136.54,138.39,136.19,137.92,33551919,138.0,0.0,1.0,1.73
2022-01-01,137.7,138.86,136.86,138.35,22856347,136.86,0.0,1.0,0.31
2022-01-02,137.3,138.13,136.9,138.0,5934495,137.84,0.0,1.0,-0.25
2022-01-03,136.58,138.44,135.67,136.74,10153958,136.51,0.0,1.0,-0.91
2022-01-04,135.82,136.49,135.76,136.18,19831026,134.2,0.0,1.0,-0.41
2022-01-05,134.86,135.55,133.09,134.57,43815402,137.01,0.0,1.0,-1.18
2022-01-06,134.78,135.24,133.96,134.63,15525217,135.12,0.0,1.0,0.04
2022-01-07,135.55,137.02,135.06,135.7,39887374,134.19,0.0,1.0,0.79
2022-01-08,137.36,139.16,136.52,136.64,32584963,137.92,0.0,1.0,0.69
2022-01-09,136.22,137.84,134.83,135.12,34238016,133.72,0.0,1.0,-1.11
2022-01-10,136.05,137.95,135.78,136.42,44462397,139.14,1.37,1.0,0.96
2022-01-11,136.26,137.4,135.09,137.35,32122449,138.84,0.0,1.0,0.68
2022-01-12,138.51,139.25,137.58,138.64,43097727,136.26,0.0,1.0,0.94
2022-01-13,136.77,137.62,136.23,137.55,37402203,137.96,0.0,1.0,-0.79
2022-01-14,138.03,138.7,136.17,137.47,46275194,136.72,0.0,1.0,-0.06
2022-01-15,137.33,137.41,136.6,137.13,48303270,134.75,0.0,1.0,-0.25
2022-01-16,139.06,139.54,138.83,139.17,39931152,141.24,0.0,1.0,1.49
2022-01-17,140.21,140.85,138.41,139.64,29382293,138.4,0.0,1.0,0.34
2022-01-18,139.58,140.63,139.33,140.25,46520498,142.08,0.0,1.0,0.44
2022-01-19,139.72,141.07,138.33,141.01,5404193,139.25,0.0,1.0,0.54
2022-01-20,140.57,140.93,138.65,138.83,12057273,137.59,0.0,1.0,-1.55
2022-01-21,140.33,141.37,139.08,139.75,46795315,139.98,0.0,1.0,0.66
2022-01-22,139.53,140.82,138.95,139.07,16591272,140.93,0.0,1.0,-0.49
2022-01-23,139.38,140.69,137.81,139.21,45684795,140.31,0.0,1.0,0.1
2022-01-24,138.43,138.69,136.85,137.17,18448805,135.67,0.0,1.0,-1.47
2022-01-25,138.55,138.85,137.98,138.81,42515571,141.16,0.0,1.0,1.2
2022-01-26,140.7,142.38,139.31,141.36,11300190,139.44,0.0,1.0,1.84
2022-01-27,141.66,142.54,140.92,141.25,48454985,138.62,0.0,1.0,-0.08
2022-01-28,140.74,141.82,140.41,140.84,2672702,140.3,0.0,1.0,-0.29
2022-01-29,140.67,141.31,140.66,141.14,35051643,140.19,0.0,1.0,0.21
2022-01-30,140.3,142.19,138.34,140.55,10870604,142.23,0.0,1.0,-0.42
2022-01-31,139.9,140.12,138.94,138.99,46500369,139.27,0.0,1.0,-1.11
2022-02-01,140.35,141.24,140.17,140.23,44037763,138.52,0.0,1.0,0.89
2022-02-02,141.3,141.69,141.13,141.61,46436954,142.58,0.0,1.0,0.98
2022-02-03,140.39,141.03,139.18,140.93,45745934,140.15,0.0,1.0,-0.48
2022-02-04,140.41,141.16,139.84,140.3,30902101,142.4,0.0,1.0,-0.45
2022-02-05,140.08,142.07,138.47,139.51,49855297,142.13,0.0,1.0,-0.56
2022-02-06,138.07,139.24,137.9,138.18,32850747,140.88,0.0,1.0,-0.95
2022-02-07,139.91,141.09,139.16,139.17,43869544,141.48,0.0,1.0,0.72
2022-02-08,140.01,141.52,139.74,140.07,26620119,138.89,0.0,1.0,0.65
2022-02-09,139.28,140.45,138.29,139.89,16067297,137.24,0.6,1.0,-0.13
2022-02-10,141.23,142.18,139.92,141.94,28994917,140.12,0.0,1.0,1.47
2022-02-11,140.05,141.58,139.06,141.51,41190916,142.9,0.0,1.0,-0.3
2022-02-12,142.98,144.24,142.03,143.56,9025125,142.83,0.0,1.0,1.45
2022-02-13,142.6,143.76,142.31,142.98,47525437,140.9,0.0,1.0,-0.4
2022-02-14,142.66,144.48,141.95,142.68,36541681,143.47,0.0,1.0,-0.21
2022-02-15,143.19,144.72,141.99,142.45,22649779,144.57,0.0,1.0,-0.16
2022-02-16,141.65,143.02,140.27,140.53,39926271,139.7,0.0,1.0,-1.35
2022-02-17,139.66,141.22,138.84,141.03,11940700,138.79,0.0,1.0,0.36
2022-02-18,139.78,141.57,138.55,141.06,36275963,143.01,0.0,1.0,0.02
2022-02-19,142.27,143.1,140.44,140.75,9806840,143.13,0.0,1.0,-0.22
2022-02-20,140.2,141.83,138.42,140.46,23954260,138.62,0.0,1.0,-0.21
2022-02-21,138.93,139.19,137.54,138.68,21631165,136.6,0.0,1.0,-1.27
2022-02-22,139.44,141.01,139.28,140.62,29940528,138.05,0.0,1.0,1.4
2022-02-23,140.67,140.79,140.43,140.52,5445785,139.41,0.28,1.0,-0.07
2022-02-24,140.93,142.11,140.53,141.59,2963546,139.27,0.0,1.0,0.76
2022-02-25,143.39,144.09,143.07,143.58,49892437,144.23,0.0,1.0,1.41
2022-02-26,144.86,146.39,143.8,145.65,19915089,143.74,0.0,4.0,1.44
2022-02-27,144.04,144.47,143.03,144.05,25592917,145.19,0.0,1.0,-1.1
2022-02-28,142.48,144.15,140.52,142.06,35510800,140.51,0.0,1.0,-1.38
2022-03-01,140.55,140.77,140.28,140.65,48293691,139.46,0.0,1.0,-0.99
2022-03-02,140.62,141.39,139.71,140.95,47106913,143.63,0.0,1.0,0.21
2022-03-03,140.11,141.82,139.73,139.88,32922129,142.34,0.0,1.0,-0.76
2022-03-04,140.58,141.92,139.79,140.9,46400399,138.56,0.0,1.0,0.73
2022-03-05,141.26,141.46,139.41,141.41,5342642,140.64,0.0,1.0,0.36
2022-03-06,142.79,143.6,142.32,142.86,34494712,141.59,0.0,1.0,1.03
2022-03-07,141.95,143.53,140.66,141.81,32932161,142.76,0.0,1.0,-0.73
2022-03-08,141.86,142.15,140.95,141.1,33839144,141.08,0.0,1.0,-0.5
2022-03-09,139.5,139.61,139.36,139.53,13018908,138.87,0.0,1.0,-1.11
2022-03-10,140.02,140.21,139.87,140.13,34030144,141.77,0.0,1.0,0.43
2022-03-11,140.09,140.61,139.4,140.44,37683049,137.73,0.0,1.0,0.22
2022-03-12,141.96,142.2,141.06,142.03,30699440,141.8,0.0,1.0,1.13
2022-03-13,143.47,144.08,142.06,143.05,10025353,141.98,0.0,1.0,0.72
2022-03-14,143.33,144.31,142.22,143.35,32528977,143.21,0.0,1.0,0.21
2022-03-15,142.92,143.91,140.98,142.79,24673575,144.31,0.0,1.0,-0.39
2022-03-16,143.15,143.41,142.42,143.22,40189360,140.51,0.0,1.0,0.3
2022-03-17,141.61,142.3,140.9,141.39,45375065,139.94,0.0,1.0,-1.28
2022-03-18,139.73,141.11,137.99,138.35,12393692,135.69,0.0,1.0,-2.15
2022-03-19,139.8,140.94,138.0,138.78,47704982,138.61,0.7,1.0,0.31
2022-03-20,138.07,138.27,137.09,137.91,14818273,137.01,0.0,1.0,-0.63
2022-03-21,137.27,138.5,136.54,137.39,34349864,138.13,0.0,1.0,-0.38
2022-03-22,138.79,139.22,138.26,138.55,39488322,138.01,0.0,1.0,0.84
2022-03-23,136.92,138.61,136.73,137.36,5514398,137.72,0.0,1.0,-0.86
2022-03-24,136.75,136.9,135.1,136.01,21126553,135.65,0.0,1.0,-0.98
2022-03-25,135.62,136.87,134.71,136.36,13119917,138.44,0.0,1.0,0.26
2022-03-26,135.11,136.11,133.79,135.7,32359657,134.44,0.0,1.0,-0.48
2022-03-27,137.11,138.92,135.24,137.91,5018590,138.03,0.0,1.0,1.63
2022-03-28,136.51,137.88,135.91,136.77,22384452,138.74,0.0,1.0,-0.83
2022-03-29,138.15,138.68,137.58,137.76,47094052,138.32,0.0,1.0,0.72
2022-03-30,136.53,137.02,134.88,135.87,38569220,138.54,0.0,1.0,-1.37
2022-03-31,134.68,135.23,134.62,135.1,19640962,135.96,0.0,1.0,-0.57
2022-04-01,136.96,137.93,136.92,137.79,6632416,136.76,0.0,1.0,1.99
2022-04-02,139.61,141.4,138.27,141.04,27635175,143.54,0.0,1.0,2.36
2022-04-03,139.49,140.96,137.62,139.36,39951309,141.87,0.0,1.0,-1.19
2022-04-04,140.9,141.38,140.66,141.24,23098003,143.12,0.0,1.0,1.35
2022-04-05,142.22,144.09,141.78,142.03,15368587,144.7,0.0,1.0,0.56
2022-04-06,142.39,143.37,141.64,143.28,22239280,143.54,0.0,1.0,0.88
2022-04-07,142.39,143.96,142.1,142.98,25678565,144.82,1.94,1.0,-0.21
2022-04-08,144.35,145.67,142.47,144.68,46070218,143.17,0.0,1.0,1.19
2022-04-09,146.51,147.24,144.89,145.18,16863320,147.26,0.0,1.0,0.35
2022-04-10,144.75,146.71,144.24,144.46,16801483,143.29,0.0,1.0,-0.5
2022-04-11,144.22,144.85,142.6,144.05,3273761,142.75,0.0,1.0,-0.28
2022-04-12,144.02,145.49,142.17,143.27,29344502,145.43,0.0,1.0,-0.54
2022-04-13,144.06,145.07,143.36,144.39,37757385,145.76,0.0,1.0,0.78
2022-04-14,142.6,143.88,141.34,143.35,10132994,140.5,0.0,1.0,-0.72
2022-04-15,143.65,143.87,143.15,143.66,44565770,145.17,0.0,1.0,0.22
2022-04-16,144.83,145.47,143.87,145.05,18493930,143.16,0.0,1.0,0.97
2022-04-17,144.18,144.35,143.44,143.8,26321518,146.36,0.0,1.0,-0.86
2022-04-18,145.59,147.44,144.3,146.27,6971116,149.04,0.0,1.0,1.72
2022-04-19,144.95,145.75,144.09,144.52,6976800,147.17,0.0,1.0,-1.2
2022-04-20,142.58,143.63,141.03,143.44,46205204,143.41,0.0,1.0,-0.75
2022-04-21,145.22,146.85,144.69,146.3,26640519,144.14,0.0,1.0,1.99
2022-04-22,148.28,148.85,146.93,147.73,28415588,149.46,1.95,1.0,0.98
2022-04-23,147.53,148.03,146.36,147.44,6753825,144.55,0.0,1.0,-0.2
2022-04-24,148.21,149.58,146.78,148.76,41077141,147.31,0.0,1.0,0.9
2022-04-25,148.09,148.56,146.27,148.55,46016058,151.33,0.0,1.0,-0.14
2022-04-26,146.73,147.24,145.49,146.02,27487654,147.02,0.0,1.0,-1.7
2022-04-27,144.18,144.54,143.84,144.18,23761765,146.36,0.0,1.0,-1.26
2022-04-28,144.3,144.58,144.07,144.09,9581310,144.09,0.0,1.0,-0.06
2022-04-29,143.53,144.39,141.72,142.42,18700495,142.52,0.0,1.0,-1.16
2022-04-30,143.37,144.35,141.47,143.07,45118674,143.85,0.0,1.0,0.46
2022-05-01,141.29,141.66,140.35,140.56,32348754,140.2,0.0,1.0,-1.75
2022-05-02,138.72,139.43,137.3,138.33,34083901,136.19,0.0,1.0,-1.59
2022-05-03,137.73,138.14,137.16,137.98,35140813,139.76,0.0,1.0,-0.25
2022-05-04,136.83,138.83,136.82,138.36,13117770,137.9,0.0,1.0,0.28
2022-05-05,139.07,140.84,139.02,140.26,46676937,138.14,0.0,1.0,1.37
2022-05-06,138.68,139.33,138.62,138.95,48493389,139.84,0.0,1.0,-0.93
2022-05-07,139.33,139.34,137.39,138.67,31407160,137.7,0.0,1.0,-0.2
2022-05-08,140.5,141.64,140.08,140.16,44194219,138.94,0.0,1.0,1.07
2022-05-09,140.35,141.55,140.16,140.51,17111504,143.12,0.0,1.0,0.25
2022-05-10,141.92,142.25,140.36,140.9,44893512,138.95,0.0,1.0,0.28
2022-05-11,141.84,143.68,140.03,142.23,25095052,143.17,0.0,1.0,0.94
2022-05-12,142.19,143.96,141.24,142.77,29391786,140.43,0.0,1.0,0.38
2022-05-13,141.52,142.78,141.33,142.07,32106627,143.07,0.0,1.0,-0.49
2022-05-14,143.79,144.84,142.5,142.7,32421656,142.34,0.0,1.0,0.44
2022-05-15,141.29,141.55,139.48,141.22,36104113,140.81,0.0,1.0,-1.04
2022-05-16,142.89,143.92,141.87,142.72,32182569,143.64,0.0,1.0,1.06
2022-05-17,141.74,141.9,140.73,140.86,45397769,140.65,0.0,1.0,-1.3
2022-05-18,139.04,139.87,137.63,138.33,49593171,138.08,0.0,1.0,-1.8
2022-05-19,137.39,139.32,135.65,136.34,13421004,134.04,0.0,1.0,-1.44
2022-05-20,137.03,137.9,136.99,137.35,1892856,135.55,0.0,1.0,0.74
2022-05-21,138.83,140.76,137.63,139.15,42506790,140.89,0.0,1.0,1.31
2022-05-22,141.0,142.35,139.39,139.65,10067343,136.93,0.0,1.0,0.36
2022-05-23,141.53,143.25,141.11,142.5,44603301,141.03,0.0,1.0,2.04
2022-05-24,142.65,142.82,141.11,141.36,29311835,138.66,0.0,1.0,-0.8
2022-05-25,142.17,144.1,141.23,143.7,40273870,142.22,0.0,1.0,1.66
2022-05-26,143.27,143.94,143.06,143.81,29976798,146.57,0.0,1.0,0.08
2022-05-27,144.19,145.3,143.61,144.43,33621683,144.51,0.0,1.0,0.43
2022-05-28,146.05,147.79,145.59,145.72,2276387,145.27,0.0,1.0,0.89
2022-05-29,147.29,148.12,146.34,147.22,44364393,146.32,0.0,1.0,1.03
2022-05-30,146.37,146.75,145.68,145.93,15743974,146.44,0.0,1.0,-0.88
2022-05-31,147.34,148.77,146.4,148.49,49519373,149.75,0.0,1.0,1.75
2022-06-01,149.18,150.65,147.59,150.04,11873364,150.77,0.0,1.0,1.04
2022-06-02,150.71,150.97,150.31,150.71,7771534,152.48,0.0,1.0,0.45
2022-06-03,149.65,150.76,147.65,148.77,18502529,147.92,0.0,1.0,-1.29
2022-06-04,150.35,150.41,150.22,150.3,42443946,148.66,0.0,1.0,1.03
2022-06-05,152.27,153.84,150.73,153.12,38381137,151.7,0.0,1.0,1.88
2022-06-06,153.18,154.52,151.77,154.32,30382052,156.17,0.0,1.0,0.78
2022-06-07,156.22,157.78,155.0,157.39,7836248,159.43,0.0,1.0,1.99
2022-06-08,157.91,159.65,156.09,156.65,20604041,157.95,0.0,1.0,-0.47
2022-06-09,158.13,158.44,157.4,158.25,9253280,160.46,0.0,1.0,1.02
2022-06-10,159.33,159.82,157.71,158.43,34891501,156.35,0.0,1.0,0.11
2022-06-11,158.09,159.35,157.6,158.92,36544228,158.42,0.0,1.0,0.31
2022-06-12,158.57,159.39,157.65,159.13,46781575,158.25,0.38,4.0,0.13
2022-06-13,160.9,161.07,160.27,161.06,12027642,160.64,0.0,1.0,1.21
2022-06-14,162.75,163.05,161.6,163.02,48873417,164.97,0.0,1.0,1.22
2022-06-15,162.7,164.47,161.3,164.07,49422470,165.66,0.0,3.0,0.64
2022-06-16,165.67,166.89,165.38,165.99,44210011,164.03,0.0,1.0,1.17
2022-06-17,166.6,167.99,164.82,167.3,28145918,169.14,0.0,1.0,0.79
2022-06-18,167.45,168.23,166.01,167.96,35928130,171.26,0.0,1.0,0.39
2022-06-19,168.17,169.21,166.66,167.07,2871748,169.68,0.0,1.0,-0.53
2022-06-20,168.4,169.01,167.55,168.29,5022890,170.59,0.0,1.0,0.73
2022-06-21,166.79,168.3,164.91,166.43,39415481,168.01,0.0,1.0,-1.11
2022-06-22,167.65,169.63,166.52,169.3,43127210,170.42,0.0,1.0,1.72
2022-06-23,168.5,169.83,166.87,168.57,10393327,170.02,0.0,1.0,-0.43
2022-06-24,167.88,169.04,166.23,167.25,7575852,164.89,0.0,1.0,-0.78
2022-06-25,165.62,166.47,165.36,165.6,6239369,164.73,0.0,1.0,-0.99
2022-06-26,165.68,166.47,165.15,165.81,29415382,169.1,0.0,1.0,0.13
2022-06-27,166.74,167.57,166.41,167.0,33531988,168.41,0.0,1.0,0.72
2022-06-28,168.45,168.69,168.02,168.34,11525333,171.33,0.0,1.0,0.8
2022-06-29,168.75,169.57,168.51,169.12,3703288,169.27,0.0,1.0,0.46
2022-06-30,168.62,169.21,168.56,168.65,40569013,168.12,0.0,1.0,-0.28
2022-07-01,167.78,168.15,166.3,166.3,37744606,165.29,0.0,1.0,-1.39
2022-07-02,166.59,167.72,164.79,167.08,32891980,169.32,0.0,1.0,0.47
2022-07-03,165.63,166.9,164.11,165.97,10998052,168.4,0.0,1.0,-0.66
2022-07-04,166.63,167.45,166.16,166.67,37305523,163.64,0.0,1.0,0.42
2022-07-05,165.78,165.96,165.45,165.46,43285913,167.42,0.0,1.0,-0.73
2022-07-06,163.96,165.08,163.58,164.51,39712122,166.21,0.0,1.0,-0.57
2022-07-07,165.51,166.52,165.47,166.16,36692482,164.03,1.59,1.0,1.0
2022-07-08,166.98,168.76,166.09,168.24,41725337,167.03,0.0,1.0,1.25
2022-07-09,169.98,170.66,169.62,169.65,36426887,168.41,0.0,1.0,0.84
2022-07-10,168.05,168.39,167.76,167.92,7014871,165.6,0.0,1.0,-1.02
2022-07-11,166.16,168.08,165.8,167.43,21000074,166.69,0.0,1.0,-0.29
2022-07-12,166.73,167.48,165.07,165.36,14593535,163.64,0.0,1.0,-1.24
2022-07-13,165.39,166.4,163.49,164.27,22363197,164.04,0.0,1.0,-0.66
2022-07-14,163.9,164.37,162.13,162.73,40337383,163.87,0.0,1.0,-0.94
2022-07-15,163.87,164.48,163.06,163.18,43667748,163.18,0.0,1.0,0.28
2022-07-16,163.34,163.68,162.85,163.64,38255636,163.32,0.98,1.0,0.28
2022-07-17,162.8,164.74,162.8,164.61,33358972,163.12,0.0,1.0,0.59
2022-07-18,166.61,168.29,166.18,167.95,19878481,164.9,0.0,1.0,2.03
2022-07-19,167.15,167.94,166.9,167.05,38344678,170.38,0.0,1.0,-0.54
2022-07-20,167.07,168.67,165.3,168.49,43625529,166.88,0.0,1.0,0.86
2022-07-21,167.47,169.44,166.79,168.01,41232681,166.86,0.0,1.0,-0.28
2022-07-22,169.7,170.92,169.69,169.7,12645805,169.11,0.0,1.0,1.01
2022-07-23,170.75,171.83,169.18,170.9,6202488,171.16,0.0,1.0,0.71
2022-07-24,170.68,170.93,168.74,169.56,41353289,168.6,0.0,1.0,-0.78
2022-07-25,170.35,170.37,169.42,170.31,30835101,166.97,0.0,1.0,0.44
2022-07-26,171.03,172.45,170.65,172.12,42958915,170.76,0.0,1.0,1.06
2022-07-27,172.1,172.83,171.54,172.71,48443819,173.44,1.97,1.0,0.34
2022-07-28,171.15,171.7,170.15,170.41,14003701,171.5,0.0,1.0,-1.33
2022-07-29,170.67,170.8,170.41,170.44,18423103,173.4,0.0,1.0,0.02
2022-07-30,171.36,171.91,169.66,169.71,47505490,170.92,0.0,1.0,-0.43
2022-07-31,171.24,171.24,170.39,170.96,44622778,167.9,0.0,1.0,0.74
2022-08-01,172.94,173.49,171.58,172.47,25257964,172.59,0.0,1.0,0.88
2022-08-02,170.66,172.5,169.6,170.52,27297204,168.44,0.0,1.0,-1.13
2022-08-03,168.62,170.09,166.66,168.11,5995608,170.91,0.0,1.0,-1.41
2022-08-04,166.36,167.61,166.3,166.87,2612191,167.49,0.0,1.0,-0.74
2022-08-05,165.87,166.09,165.39,165.63,4652927,167.76,0.0,1.0,-0.74
2022-08-06,163.92,165.12,163.04,163.24,30961167,163.76,0.0,1.0,-1.44
2022-08-07,161.37,162.0,159.67,159.82,9558782,157.02,0.0,1.0,-2.1
2022-08-08,160.26,161.12,160.06,160.12,4503293,158.81,0.0,1.0,0.19
2022-08-09,161.13,161.6,159.93,161.03,1711793,160.73,0.0,1.0,0.57
2022-08-10,161.51,161.71,160.21,161.22,2742956,160.92,0.0,1.0,0.12
2022-08-11,159.63,160.82,159.49,160.54,13993251,163.14,0.0,1.0,-0.42
2022-08-12,159.96,160.92,158.72,159.13,10239058,161.02,0.0,1.0,-0.88
2022-08-13,158.87,160.79,157.36,158.43,37315539,160.18,0.0,1.0,-0.44
2022-08-14,157.8,158.54,157.78,158.23,46519967,155.98,0.0,1.0,-0.13
2022-08-15,158.47,158.58,157.78,158.56,43986904,161.15,0.0,1.0,0.21
2022-08-16,159.23,160.62,157.27,159.28,23222793,161.52,0.0,1.0,0.45
2022-08-17,158.48,159.14,158.27,159.03,3831467,159.0,0.0,1.0,-0.16
2022-08-18,159.8,160.73,159.37,160.02,23247602,161.99,0.0,1.0,0.62
2022-08-19,161.32,161.33,161.3,161.31,38224723,158.83,0.0,1.0,0.81
2022-08-20,161.65,163.18,161.56,161.61,14275810,160.21,0.0,1.0,0.19
2022-08-21,160.31,162.01,159.82,160.25,12816355,162.45,0.0,1.0,-0.84
2022-08-22,160.96,161.72,159.39,159.65,15108791,158.41,0.0,1.0,-0.37
2022-08-23,160.29,162.17,158.34,162.16,30106326,164.61,0.0,1.0,1.57
2022-08-24,163.86,165.45,163.48,164.23,26115848,163.03,0.0,1.0,1.28
2022-08-25,165.91,167.44,164.74,167.05,20742269,168.99,0.0,1.0,1.72
2022-08-26,168.23,169.98,166.53,169.87,33815606,167.89,0.0,1.0,1.69
2022-08-27,170.52,170.65,169.5,170.36,44290019,172.07,0.0,1.0,0.29
2022-08-28,169.08,170.5,168.03,169.22,34204930,169.04,0.0,1.0,-0.67
2022-08-29,170.38,171.68,169.97,171.5,31338579,173.99,0.0,1.0,1.35
2022-08-30,173.05,174.19,171.18,172.31,37946917,169.45,0.0,1.0,0.47
2022-08-31,172.39,172.85,172.31,172.59,23573675,172.08,0.0,1.0,0.16
2022-09-01,173.81,174.44,173.05,173.3,16689408,171.68,0.0,1.0,0.41
2022-09-02,172.48,173.48,171.39,171.55,19550564,174.48,0.0,1.0,-1.01
2022-09-03,169.7,170.1,169.31,169.57,21314898,171.23,0.0,1.0,-1.15
2022-09-04,168.33,169.54,168.05,169.32,49062385,170.94,0.0,3.0,-0.15
2022-09-05,168.45,169.14,166.46,168.99,39920039,170.73,1.34,1.0,-0.19
2022-09-06,170.8,172.53,170.34,171.92,15084474,171.74,0.0,1.0,1.73
2022-09-07,172.95,174.4,172.03,173.91,22010096,176.32,0.0,1.0,1.16
2022-09-08,173.58,174.46,171.87,171.95,10324791,172.48,0.0,1.0,-1.13
2022-09-09,169.99,171.61,168.32,169.44,29128500,168.94,0.0,1.0,-1.46
2022-09-10,170.2,170.8,169.03,170.03,3161508,172.9,0.0,1.0,0.35
2022-09-11,169.35,170.61,168.14,169.64,27231907,172.9,0.0,1.0,-0.23
2022-09-12,169.78,170.16,169.56,169.9,31302022,170.84,0.0,1.0,0.15
2022-09-13,170.6,170.96,168.95,170.16,2801101,168.03,0.0,1.0,0.15
2022-09-14,169.3,169.77,167.98,168.11,4855617,167.23,0.72,1.0,-1.2
2022-09-15,167.67,169.65,167.41,168.35,5614606,167.6,0.0,1.0,0.14
2022-09-16,169.83,170.45,168.19,169.69,11655629,170.39,0.0,1.0,0.8
2022-09-17,169.7,171.07,169.15,169.16,10575897,168.79,0.0,1.0,-0.31
2022-09-18,168.15,168.81,167.01,167.89,32050966,168.4,0.0,1.0,-0.75
2022-09-19,169.41,170.32,168.01,169.65,20961446,168.91,0.0,1.0,1.05
2022-09-20,169.31,169.67,168.07,168.76,26814430,171.53,0.0,1.0,-0.52
2022-09-21,168.33,170.22,167.85,169.91,19372814,172.51,0.0,1.0,0.68
2022-09-22,168.18,169.63,166.38,169.33,28600409,172.67,0.0,1.0,-0.34
2022-09-23,167.64,167.85,166.11,166.68,31261801,164.45,0.0,1.0,-1.56
2022-09-24,164.79,166.07,163.44,164.65,24062478,166.27,0.0,1.0,-1.22
2022-09-25,162.69,162.92,160.86,161.53,32154991,161.43,0.0,1.0,-1.89
2022-09-26,160.5,162.4,160.22,162.01,11829124,159.88,0.29,1.0,0.3
